index,term_number,knesset_num
א-ד`אהר אחמד,1,4
א-ד`אהר אחמד,2,5
א-זועבי סיף א-דין,1,1
א-זועבי סיף א-דין,2,2
א-זועבי סיף א-דין,3,3
א-זועבי סיף א-דין,4,6
א-זועבי סיף א-דין,5,7
א-זועבי סיף א-דין,6,8
א-זועבי סיף א-דין,7,9
א-זועבי עבד אל-עזיז,1,6
א-זועבי עבד אל-עזיז,2,7
א-זועבי עבד אל-עזיז,3,8
א-נאשף מחמוד,1,4
אבו-רביעה חמאד,1,8
אבו-רביעה חמאד,2,9
אבו-רוכן לביב חוסיין,1,4
אבו מערוף עבדאללה,1,20
אבו עראר טלב,1,19
אבו עראר טלב,2,20
אבו רחמון ניבין,1,20
אבו שחאדה סמי,1,22
אבו שחאדה סמי,2,23
אבו שחאדה סמי,3,24
אבוחצירא אהרן,1,8
אבוחצירא אהרן,2,9
אבוחצירא אהרן,3,10
אבוחצירא אהרן,4,11
אבוחצירא אהרן,5,12
אבוטבול משה,1,22
אבוטבול משה,2,23
אבוטבול משה,3,24
אבטבי אליעזר,1,8
אבטבי אליעזר,2,9
אבטבי אליעזר,3,10
אבידר אלי,1,21
אבידר אלי,2,22
אבידר אלי,3,23
אבידר אלי,4,24
אביזוהר מאיר,1,7
אביטל דורון,1,18
אביטל קולט,1,15
אביטל קולט,2,16
אביטל קולט,3,17
אביטל שמואל,1,13
אבן אבא,1,4
אבן אבא,2,5
אבן אבא,3,6
אבן אבא,4,7
אבן אבא,5,8
אבן אבא,6,9
אבן אבא,7,10
אבן אבא,8,11
אבן עוזי,1,15
אבניאל בנימין,1,2
אבניאל בנימין,2,3
אבניאל בנימין,3,4
אבניאל בנימין,4,5
אבניאל בנימין,5,6
אבנרי אורי,1,6
אבנרי אורי,2,7
אבנרי אורי,3,9
אבסדזה נינו,1,18
אברהם בלילא רוחמה,1,16
אברהם בלילא רוחמה,2,17
אברהם בלילא רוחמה,3,18
אבריאל אהוד,1,3
אברמוב שניאור זלמן,1,4
אברמוב שניאור זלמן,2,5
אברמוב שניאור זלמן,3,6
אברמוב שניאור זלמן,4,7
אברמוב שניאור זלמן,5,8
אברמוביץ יהודה מאיר,1,7
אברמוביץ יהודה מאיר,2,8
אברמוביץ יהודה מאיר,3,9
אגבאריה עפו,1,18
אגבאריה עפו,2,19
אדטו רחל,1,18
אדלשטיין יולי יואל,1,14
אדלשטיין יולי יואל,2,15
אדלשטיין יולי יואל,3,16
אדלשטיין יולי יואל,4,17
אדלשטיין יולי יואל,5,18
אדלשטיין יולי יואל,6,19
אדלשטיין יולי יואל,7,20
אדלשטיין יולי יואל,8,21
אדלשטיין יולי יואל,9,22
אדלשטיין יולי יואל,10,23
אדלשטיין יולי יואל,11,24
אדמסו אללי,1,18
אדרי יעקב,1,16
אדרי יעקב,2,17
אדרי יעקב,3,18
אדרי ליאור,1,19
אדרי רפאל,1,10
אדרי רפאל,2,11
אדרי רפאל,3,12
אדרי רפאל,4,13
אדרי רפאל,5,14
אהרונוביץ יצחק,1,17
אהרונוביץ יצחק,2,18
אהרונוביץ יצחק,3,19
אוזן אהרן,1,6
אוזן אהרן,2,10
אוחיון שמעון,1,19
אוחנה אמיר,1,20
אוחנה אמיר,2,21
אוחנה אמיר,3,22
אוחנה אמיר,4,23
אוחנה אמיר,5,24
אולמרט אהוד,1,8
אולמרט אהוד,2,9
אולמרט אהוד,3,10
אולמרט אהוד,4,11
אולמרט אהוד,5,12
אולמרט אהוד,6,13
אולמרט אהוד,7,14
אולמרט אהוד,8,16
אולמרט אהוד,9,17
אולמרט מרדכי,1,3
אולמרט מרדכי,2,4
אונא משה,1,1
אונא משה,2,2
אונא משה,3,3
אונא משה,4,4
אונא משה,5,5
אונא משה,6,6
אור אורי,1,13
אור אורי,2,14
אורבך אורי,1,18
אורבך אורי,2,19
אורבך ניר,1,24
אורון חיים,1,12
אורון חיים,2,13
אורון חיים,3,14
אורון חיים,4,15
אורון חיים,5,16
אורון חיים,6,17
אורון חיים,7,18
אורי יעקב,1,2
אורלב זבולון,1,15
אורלב זבולון,2,16
אורלב זבולון,3,17
אורלב זבולון,4,18
אורן מיכאל,1,20
אושעיה אפי,1,14
אושעיה אפי,2,15
אושעיה אפי,3,16
אזברגה ג'מעה,1,20
אזולאי דוד,1,14
אזולאי דוד,2,15
אזולאי דוד,3,16
אזולאי דוד,4,17
אזולאי דוד,5,18
אזולאי דוד,6,19
אזולאי דוד,7,20
אזולאי ינון,1,20
אזולאי ינון,2,21
אזולאי ינון,3,22
אזולאי ינון,4,23
אזולאי ינון,5,24
אזניה ברוך,1,1
אזניה ברוך,2,2
אזניה ברוך,3,3
אזניה ברוך,4,4
אזניה ברוך,5,5
אזניה ברוך,6,6
אחימאיר יוסף,1,13
אטיאס אריאל,1,17
אטיאס אריאל,2,18
אטיאס אריאל,3,19
אידלסון בבה,1,1
אידלסון בבה,2,2
אידלסון בבה,3,3
אידלסון בבה,4,4
אידלסון בבה,5,5
אייכלר ישראל,1,16
אייכלר ישראל,2,18
אייכלר ישראל,3,19
אייכלר ישראל,4,20
אייכלר ישראל,5,21
אייכלר ישראל,6,22
אייכלר ישראל,7,23
אייכלר ישראל,8,24
איכילוב עזרא,1,2
איכילוב עזרא,2,3
איכילוב עזרא,3,4
אילון דניאל,1,18
אילון עמיחי,1,17
אילטוב רוברט,1,17
אילטוב רוברט,2,18
אילטוב רוברט,3,19
אילטוב רוברט,4,20
אילן טובה,1,16
אילנית פייגה,1,1
איפראימוב מרק,1,22
איציק דליה,1,13
איציק דליה,2,14
איציק דליה,3,15
איציק דליה,4,16
איציק דליה,5,17
איציק דליה,6,18
איתם אפי,1,16
איתם אפי,2,17
איתן מיכאל,1,11
איתן מיכאל,2,12
איתן מיכאל,3,13
איתן מיכאל,4,14
איתן מיכאל,5,15
איתן מיכאל,6,16
איתן מיכאל,7,17
איתן מיכאל,8,18
איתן רפאל,1,11
איתן רפאל,2,12
איתן רפאל,3,13
איתן רפאל,4,14
איתן רפי,1,17
אלאלוף אלי,1,20
אלגרבלי מרדכי,1,9
אלדד אריה,1,16
אלדד אריה,2,17
אלדד אריה,3,18
אלדרוטי צבי,1,8
אלהרר קארין,1,19
אלהרר קארין,2,20
אלהרר קארין,3,21
אלהרר קארין,4,22
אלהרר קארין,5,23
אלהרר קארין,6,24
אלול רפאל,1,13
אלול רפאל,2,14
אלון בנימין,1,14
אלון בנימין,2,15
אלון בנימין,3,16
אלון בנימין,4,17
אלון יגאל,1,3
אלון יגאל,2,4
אלון יגאל,3,5
אלון יגאל,4,6
אלון יגאל,5,7
אלון יגאל,6,8
אלון יגאל,7,9
אלוני שולמית,1,6
אלוני שולמית,2,8
אלוני שולמית,3,9
אלוני שולמית,4,10
אלוני שולמית,5,11
אלוני שולמית,6,12
אלוני שולמית,7,13
אלחרומי סעיד,1,20
אלחרומי סעיד,2,22
אלחרומי סעיד,3,23
אלחרומי סעיד,4,24
אלטמן אריה,1,2
אלטמן אריה,2,3
אלטמן אריה,3,4
אלטמן אריה,4,5
אליאב אריה לובה,1,6
אליאב אריה לובה,2,7
אליאב אריה לובה,3,8
אליאב אריה לובה,4,9
אליאב אריה לובה,5,12
אליהו שלמה,1,9
אליעד נסים,1,6
אליעד נסים,2,7
אליעד נסים,3,8
אלישר אליהו,1,1
אלישר אליהו,2,2
אלמוגי יוסף-אהרן,1,3
אלמוגי יוסף-אהרן,2,4
אלמוגי יוסף-אהרן,3,5
אלמוגי יוסף-אהרן,4,6
אלמוגי יוסף-אהרן,5,7
אלמוגי יוסף-אהרן,6,8
אלמליח אברהם,1,1
אלסאנע טלב,1,13
אלסאנע טלב,2,14
אלסאנע טלב,3,15
אלסאנע טלב,4,16
אלסאנע טלב,5,17
אלסאנע טלב,6,18
אלקין זאב,1,17
אלקין זאב,2,18
אלקין זאב,3,19
אלקין זאב,4,20
אלקין זאב,5,21
אלקין זאב,6,22
אלקין זאב,7,23
אלקין זאב,8,24
אמוראי עדיאל,1,7
אמוראי עדיאל,2,8
אמוראי עדיאל,3,9
אמוראי עדיאל,4,10
אמוראי עדיאל,5,11
אמיר יעקב ז`אק,1,8
אמיר יעקב ז`אק,2,9
אמיר יעקב ז`אק,3,10
אמיר יעקב ז`אק,4,11
אמסלם דוד,1,20
אמסלם דוד,2,21
אמסלם דוד,3,22
אמסלם דוד,4,23
אמסלם דוד,5,24
אמסלם חיים,1,17
אמסלם חיים,2,18
אנג`ל אורנה,1,16
אנקוריון ארי,1,5
אנקוריון ארי,2,6
אנקוריון ארי,3,7
אנקוריון ארי,4,8
אסא ירחמיאל,1,3
אסעד אסעד,1,13
אסעד שפיק,1,9
אסף עמי,1,1
אסף עמי,2,2
אסף עמי,3,3
אסף עמי,4,4
אסף עמי,5,5
אפללו אלי,1,16
אפללו אלי,2,17
אפללו אלי,3,18
אפרת אהרון,1,8
אפרתי יוסף,1,1
אפרתי יוסף,2,2
אפרתי יוסף,3,3
אפרתי יוסף,4,4
אפרתי יוסף,5,5
אקוניס אופיר,1,18
אקוניס אופיר,2,19
אקוניס אופיר,3,20
אקוניס אופיר,4,21
אקוניס אופיר,5,22
אקוניס אופיר,6,23
אקוניס אופיר,7,24
ארבל משה,1,21
ארבל משה,2,22
ארבל משה,3,23
ארבל משה,4,24
ארבלי-אלמוזלינו שושנה,1,6
ארבלי-אלמוזלינו שושנה,2,7
ארבלי-אלמוזלינו שושנה,3,8
ארבלי-אלמוזלינו שושנה,4,9
ארבלי-אלמוזלינו שושנה,5,10
ארבלי-אלמוזלינו שושנה,6,11
ארבלי-אלמוזלינו שושנה,7,12
ארגוב מאיר,1,1
ארגוב מאיר,2,2
ארגוב מאיר,3,3
ארגוב מאיר,4,4
ארגוב מאיר,5,5
ארד נאוה,1,10
ארד נאוה,2,11
ארד נאוה,3,12
ארד נאוה,4,13
ארדיטי בנימין,1,3
ארדיטי בנימין,2,4
ארדיטי בנימין,3,5
ארדן גלעד,1,16
ארדן גלעד,2,17
ארדן גלעד,3,18
ארדן גלעד,4,19
ארדן גלעד,5,20
ארדן גלעד,6,21
ארדן גלעד,7,22
ארדן גלעד,8,23
ארזי ראובן,1,6
ארזי ראובן,2,7
אריאב חיים,1,2
אריאב חיים,2,3
אריאל אורי יהודה,1,15
אריאל אורי יהודה,2,16
אריאל אורי יהודה,3,17
אריאל אורי יהודה,4,18
אריאל אורי יהודה,5,19
אריאל אורי יהודה,6,20
ארידור יורם,1,7
ארידור יורם,2,8
ארידור יורם,3,9
ארידור יורם,4,10
ארידור יורם,5,11
ארליך שמחה,1,7
ארליך שמחה,2,8
ארליך שמחה,3,9
ארליך שמחה,4,10
ארם משה,1,1
ארם משה,2,2
ארם משה,3,3
ארם משה,4,5
ארם משה,5,6
ארן זלמן,1,1
ארן זלמן,2,2
ארן זלמן,3,3
ארן זלמן,4,4
ארן זלמן,5,5
ארן זלמן,6,6
ארנס משה,1,8
ארנס משה,2,9
ארנס משה,3,10
ארנס משה,4,11
ארנס משה,5,12
ארנס משה,6,15
ארצי יצחק,1,11
אשכול לוי,1,2
אשכול לוי,2,3
אשכול לוי,3,4
אשכול לוי,4,5
אשכול לוי,5,6
אשכנזי גבי,1,21
אשכנזי גבי,2,22
אשכנזי גבי,3,23
אשל תמר,1,9
אשל תמר,2,10
אשר יעקב,1,19
אשר יעקב,2,20
אשר יעקב,3,21
אשר יעקב,4,22
אשר יעקב,5,23
אשר יעקב,6,24
בא-גד יוסף,1,13
בארי ידידיה,1,8
בבה שמחה,1,2
בבה שמחה,2,3
בגין זאב בנימין,1,12
בגין זאב בנימין,2,13
בגין זאב בנימין,3,14
בגין זאב בנימין,4,18
בגין זאב בנימין,5,20
בגין זאב בנימין,6,24
בגין מנחם,1,1
בגין מנחם,2,2
בגין מנחם,3,3
בגין מנחם,4,4
בגין מנחם,5,5
בגין מנחם,6,6
בגין מנחם,7,7
בגין מנחם,8,8
בגין מנחם,9,9
בגין מנחם,10,10
בדיאן אליקים-גוסטב,1,9
בדר יוחנן,1,1
בדר יוחנן,2,2
בדר יוחנן,3,3
בדר יוחנן,4,4
בדר יוחנן,5,5
בדר יוחנן,6,6
בדר יוחנן,7,7
בדר יוחנן,8,8
בדר מנחם,1,1
בדש פיני,1,13
בדש פיני,2,14
בהיינה מזור,1,17
בהיר אריה,1,1
בהיר אריה,2,3
בהיר אריה,3,6
בהלול זוהיר,1,20
בוגר חיים,1,2
בוחבוט שלמה,1,13
בוים זאב,1,14
בוים זאב,2,15
בוים זאב,3,16
בוים זאב,4,17
בוים זאב,5,18
בוסו אוריאל,1,23
בוסו אוריאל,2,24
בוקר נאוה,1,20
בורג אברהם,1,12
בורג אברהם,2,13
בורג אברהם,3,15
בורג אברהם,4,16
בורג יוסף,1,1
בורג יוסף,2,2
בורג יוסף,3,3
בורג יוסף,4,4
בורג יוסף,5,5
בורג יוסף,6,6
בורג יוסף,7,7
בורג יוסף,8,8
בורג יוסף,9,9
בורג יוסף,10,10
בורג יוסף,11,11
בז`רנו שמעון,1,2
בז`רנו שמעון,2,3
ביבי אריה,1,18
ביבי יגאל,1,12
ביבי יגאל,2,13
ביבי יגאל,3,14
ביבי יגאל,4,15
ביבי מרדכי,1,4
ביבי מרדכי,2,5
ביבי מרדכי,3,6
ביבי מרדכי,4,7
ביטון אברהם,1,6
ביטון חיים,1,24
ביטון מיכאל מרדכי,1,21
ביטון מיכאל מרדכי,2,22
ביטון מיכאל מרדכי,3,23
ביטון מיכאל מרדכי,4,24
ביטון צ`רלי-שלום,1,9
ביטון צ`רלי-שלום,2,10
ביטון צ`רלי-שלום,3,11
ביטון צ`רלי-שלום,4,12
ביטן דוד,1,20
ביטן דוד,2,21
ביטן דוד,3,22
ביטן דוד,4,23
ביטן דוד,5,24
ביילין יוסי,1,12
ביילין יוסי,2,13
ביילין יוסי,3,14
ביילין יוסי,4,15
ביילין יוסי,5,17
בילסקי זאב,1,18
בירן מיכל,1,19
בירן מיכל,2,20
בלומנטל נעמי,1,13
בלומנטל נעמי,2,14
בלומנטל נעמי,3,15
בלומנטל נעמי,4,16
בלומנטל נפתלי,1,10
בליאק ולדימיר,1,23
בליאק ולדימיר,2,24
בן-אהרן יצחק,1,1
בן-אהרן יצחק,2,2
בן-אהרן יצחק,3,3
בן-אהרן יצחק,4,4
בן-אהרן יצחק,5,5
בן-אהרן יצחק,6,7
בן-אהרן יצחק,7,8
בן-אליעזר אריה,1,1
בן-אליעזר אריה,2,2
בן-אליעזר אריה,3,3
בן-אליעזר אריה,4,4
בן-אליעזר אריה,5,5
בן-אליעזר אריה,6,6
בן-אליעזר אריה,7,7
בן-אליעזר בנימין,1,11
בן-אליעזר בנימין,2,12
בן-אליעזר בנימין,3,13
בן-אליעזר בנימין,4,14
בן-אליעזר בנימין,5,15
בן-אליעזר בנימין,6,16
בן-אליעזר בנימין,7,17
בן-אליעזר בנימין,8,18
בן-אליעזר בנימין,9,19
בן-אלישר אליהו,1,10
בן-אלישר אליהו,2,11
בן-אלישר אליהו,3,12
בן-אלישר אליהו,4,13
בן-אלישר אליהו,5,14
בן-ארי מיכאל,1,18
בן-ארי מירב,1,20
בן-ארי מירב,2,24
בן-אשר חיים,1,1
בן-אשר חיים,2,2
בן-גוריון דוד,1,1
בן-גוריון דוד,2,2
בן-גוריון דוד,3,3
בן-גוריון דוד,4,4
בן-גוריון דוד,5,5
בן-גוריון דוד,6,6
בן-גוריון דוד,7,7
בן-דהן אלי,1,19
בן-דהן אלי,2,20
בן-דהן אלי,3,21
בן-יזרי יעקב,1,17
בן-יעקב זלמן,1,2
בן-יעקב זלמן,2,3
בן-ישראל גדעון,1,4
בן-ישראל גדעון,2,5
בן-ישראל יצחק,1,17
בן-מאיר דב,1,10
בן-מאיר דב,2,11
בן-מאיר יהודה,1,7
בן-מאיר יהודה,2,8
בן-מאיר יהודה,3,9
בן-מאיר יהודה,4,10
בן-מאיר שלמה ישראל,1,2
בן-מאיר שלמה ישראל,2,3
בן-מאיר שלמה ישראל,3,4
בן-מאיר שלמה ישראל,4,5
בן-מאיר שלמה ישראל,5,6
בן-מאיר שלמה ישראל,6,7
בן-מנחם אלי,1,12
בן-מנחם אלי,2,13
בן-מנחם אלי,3,14
בן-מנחם אלי,4,15
בן-מנחם אלי,5,16
בן-סימון דניאל,1,18
בן-עמי משה,1,1
בן-עמי שלמה,1,14
בן-עמי שלמה,2,15
בן-פורת מרדכי,1,6
בן-פורת מרדכי,2,7
בן-פורת מרדכי,3,8
בן-פורת מרדכי,4,10
בן-צבי יצחק,1,1
בן-צבי יצחק,2,2
בן-צור שמריהו,1,14
בן-ראובן איל,1,20
בן-שלמה שמעון,1,11
בן-ששון מנחם,1,17
בן ברק רם,1,21
בן ברק רם,2,22
בן ברק רם,3,23
בן ברק רם,4,24
בן גביר איתמר,1,24
בן צור יואב,1,19
בן צור יואב,2,20
בן צור יואב,3,21
בן צור יואב,4,22
בן צור יואב,5,23
בן צור יואב,6,24
בנט נפתלי,1,19
בנט נפתלי,2,20
בנט נפתלי,3,22
בנט נפתלי,4,23
בנט נפתלי,5,24
בנטוב מרדכי,1,1
בנטוב מרדכי,2,2
בנטוב מרדכי,3,3
בנטוב מרדכי,4,4
בנטוב מרדכי,5,5
בניזרי שלמה,1,13
בניזרי שלמה,2,14
בניזרי שלמה,3,15
בניזרי שלמה,4,16
בניזרי שלמה,5,17
בנלולו דניאל,1,16
בסתוני רוסתם,1,2
בקר אהרן,1,3
בקר אהרן,2,4
בקר אהרן,3,5
בקר אהרן,4,6
בקר אהרן,5,7
בר-און מרדכי,1,11
בר-און רוני,1,16
בר-און רוני,2,17
בר-און רוני,3,18
בר-זוהר מיכאל,1,10
בר-זוהר מיכאל,2,12
בר-יהודה ישראל,1,1
בר-יהודה ישראל,2,2
בר-יהודה ישראל,3,3
בר-יהודה ישראל,4,4
בר-יהודה ישראל,5,5
בר-לב חיים,1,9
בר-לב חיים,2,10
בר-לב חיים,3,11
בר-לב חיים,4,12
בר-לב עמר,1,19
בר-לב עמר,2,20
בר-לב עמר,3,22
בר-לב עמר,4,24
בר-ניר דב,1,1
בר-רב-האי דוד,1,1
בר-רב-האי דוד,2,2
בר-רב-האי דוד,3,3
בר-רב-האי דוד,4,4
בר-רב-האי דוד,5,5
בר יחיאל חיליק,1,19
בר יחיאל חיליק,2,20
ברביבאי אורנה,1,21
ברביבאי אורנה,2,22
ברביבאי אורנה,3,23
ברביבאי אורנה,4,24
ברגר הרצל,1,1
ברגר הרצל,2,2
ברגר הרצל,3,3
ברגר הרצל,4,4
ברגר הרצל,5,5
ברדץ' יאלוב אלינה,1,24
ברוורמן אבישי,1,17
ברוורמן אבישי,2,18
ברוורמן אבישי,3,19
ברוכי אליהו,1,23
ברוכי אליהו,2,24
ברונפמן רומן,1,14
ברונפמן רומן,2,15
ברונפמן רומן,3,16
ברושי איתן,1,20
ברזילי ישראל,1,3
ברזילי ישראל,2,4
ברזילי ישראל,3,5
ברזניץ שלמה,1,17
בריזון רוני,1,16
בריילובסקי ויקטור,1,15
בריילובסקי ויקטור,2,16
ברכה מוחמד,1,15
ברכה מוחמד,2,16
ברכה מוחמד,3,17
ברכה מוחמד,4,18
ברכה מוחמד,5,19
ברמן אברהם,1,2
ברמן יצחק,1,9
ברמן יצחק,2,10
ברנשטיין פרץ,1,1
ברנשטיין פרץ,2,2
ברנשטיין פרץ,3,3
ברנשטיין פרץ,4,4
ברנשטיין פרץ,5,5
ברעם משה,1,4
ברעם משה,2,5
ברעם משה,3,6
ברעם משה,4,7
ברעם משה,5,8
ברעם עוזי,1,9
ברעם עוזי,2,10
ברעם עוזי,3,11
ברעם עוזי,4,12
ברעם עוזי,5,13
ברעם עוזי,6,14
ברעם עוזי,7,15
ברץ יוסף,1,1
ברק אהוד,1,14
ברק אהוד,2,15
ברק אהוד,3,18
ברק קרן,1,21
ברק קרן,2,22
ברק קרן,3,23
ברק קרן,4,24
ברקו ענת,1,20
ברקת ניר,1,21
ברקת ניר,2,22
ברקת ניר,3,23
ברקת ניר,4,24
ברקת ראובן,1,6
ברקת ראובן,2,7
בש רפאל,1,1
בשארה עזמי,1,14
בשארה עזמי,2,15
בשארה עזמי,3,16
בשארה עזמי,4,17
ג`בארה חוסניה,1,15
ג`בארה חליל-סלים,1,5
ג`בארין יוסף,1,20
ג`בארין יוסף,2,21
ג`בארין יוסף,3,22
ג`בארין יוסף,4,23
ג`רג`ורה אמין-סלים,1,1
גאגולה יצחק,1,15
גבאי אבי,1,21
גבאי אליהו,1,14
גבאי אליהו,2,17
גבריאלי ענבל,1,16
גבתי חיים,1,6
גבתי חיים,2,7
גדות גדעון,1,11
גדות גדעון,2,12
גואטה יגאל,1,20
גוברין עקיבא,1,1
גוברין עקיבא,2,2
גוברין עקיבא,3,3
גוברין עקיבא,4,4
גוברין עקיבא,5,5
גוברין עקיבא,6,6
גוז`נסקי תמר,1,12
גוז`נסקי תמר,2,13
גוז`נסקי תמר,3,14
גוז`נסקי תמר,4,15
גוטמן שאול,1,13
גולדברג יוסף,1,12
גולדמן מיכה,1,12
גולדמן מיכה,2,13
גולדמן מיכה,3,14
גולדפרב אלכס,1,13
גולדראט אברהם יהודה,1,1
גולדשטיין אהרן,1,5
גולדשטיין אהרן,2,6
גולדשטיין אהרן,3,7
גולדשטיין פנחס,1,10
גולדשטיין פנחס,2,11
גולדשטיין פנחס,3,12
גולדשמידט אלי,1,13
גולדשמידט אלי,2,14
גולדשמידט אלי,3,15
גולדשמידט יוסף,1,7
גולומב דוד,1,6
גולומב דוד,2,9
גולן אראלה,1,16
גולן יאיר,1,22
גולן יאיר,2,23
גולן יאיר,3,24
גולן יצחק,1,4
גולן יצחק,2,5
גולן יצחק,3,6
גולן יצחק,4,7
גולן יצחק,5,8
גולן מאי,1,21
גולן מאי,2,23
גולן מאי,3,24
גור אפרים,1,12
גור אפרים,2,13
גור מרדכי,1,10
גור מרדכי,2,11
גור מרדכי,3,12
גור מרדכי,4,13
גורי ישראל,1,1
גורי ישראל,2,2
גורי ישראל,3,3
גורי ישראל,4,4
גורי ישראל,5,5
גורלובסקי מיכאל,1,16
גורן שרגא,1,1
גז מטילדה,1,6
גז מטילדה,2,7
גז מטילדה,3,8
גטאס באסל,1,19
גטאס באסל,2,20
גיבלבר אברהם,1,8
גיל יעקב,1,1
גילאון אילן,1,15
גילאון אילן,2,18
גילאון אילן,3,19
גילאון אילן,4,20
גילאון אילן,5,21
גילאון אילן,6,22
גילאון אילן,7,23
גינזבורג איתן,1,21
גינזבורג איתן,2,22
גינזבורג איתן,3,23
גינזבורג איתן,4,24
גל גדליה,1,12
גל גדליה,2,13
גל שרון,1,20
גלאון זהבה,1,15
גלאון זהבה,2,16
גלאון זהבה,3,17
גלאון זהבה,4,18
גלאון זהבה,5,19
גלאון זהבה,6,20
גלוסקא זכריה,1,1
גלזר-תעסה מרים,1,10
גלזר-תעסה מרים,2,11
גלזר אלחנן,1,17
גלילי ישראל,1,1
גלילי ישראל,2,3
גלילי ישראל,3,4
גלילי ישראל,4,5
גלילי ישראל,5,6
גלילי ישראל,6,7
גלילי ישראל,7,8
גליק יהודה יהושע,1,20
גלנט יואב,1,20
גלנט יואב,2,21
גלנט יואב,3,22
גלנט יואב,4,23
גלנט יואב,5,24
גלנטי יצחק,1,17
גלס דוד,1,9
גלעד יהודה,1,15
גמליאל אריה,1,12
גמליאל אריה,2,13
גמליאל אריה,3,14
גמליאל אריה,4,15
גמליאל גילה,1,16
גמליאל גילה,2,18
גמליאל גילה,3,19
גמליאל גילה,4,20
גמליאל גילה,5,21
גמליאל גילה,6,22
גמליאל גילה,7,23
גמליאל גילה,8,24
גנאים מאזן,1,24
גנאים מסעוד,1,18
גנאים מסעוד,2,19
גנאים מסעוד,3,20
גנחובסקי אליהו משה,1,1
גנחובסקי אליהו משה,2,2
גנץ בני,1,21
גנץ בני,2,22
גנץ בני,3,23
גנץ בני,4,24
גפני משה,1,12
גפני משה,2,13
גפני משה,3,14
גפני משה,4,15
גפני משה,5,16
גפני משה,6,17
גפני משה,7,18
גפני משה,8,19
גפני משה,9,20
גפני משה,10,21
גפני משה,11,22
גפני משה,12,23
גפני משה,13,24
גרוס שלמה יעקב,1,3
גרוס שלמה יעקב,2,4
גרוס שלמה יעקב,3,5
גרוס שלמה יעקב,4,6
גרוס שלמה יעקב,5,7
גרוס שלמה יעקב,6,8
גרוס שלמה יעקב,7,9
גרוסמן-אורקין חייקה,1,7
גרוסמן-אורקין חייקה,2,8
גרוסמן-אורקין חייקה,3,9
גרוסמן-אורקין חייקה,4,11
גרופר פסח,1,8
גרופר פסח,2,9
גרופר פסח,3,10
גרופר פסח,4,11
גרופר פסח,5,12
גרידי שמעון,1,2
גרינברג אהרן יעקב,1,1
גרינברג אהרן יעקב,2,3
גרינברג אהרן יעקב,3,4
גרינברג אהרן יעקב,4,5
גרינברג אורי צבי,1,1
גרינפילד צביה,1,17
גרמן יעל,1,19
גרמן יעל,2,20
גרמן יעל,3,21
גרמן יעל,4,22
גרנות אברהם,1,1
גרנות אברהם,2,2
גרנות אלעזר,1,10
גרנות אלעזר,2,11
גרשוני צבי,1,7
גרשוני צבי,2,8
דבאח אחמד,1,18
דגני עמוס,1,3
דגני עמוס,2,4
דגני עמוס,3,5
דגני עמוס,4,6
דהאמשה עבד-אלמאלכ,1,14
דהאמשה עבד-אלמאלכ,2,15
דהאמשה עבד-אלמאלכ,3,16
דהן נסים,1,14
דהן נסים,2,15
דהן נסים,3,16
דואן אברהם,1,18
דובדבני יחיאל,1,1
דוברין נטע,1,16
דויטש אברהם,1,2
דון-יחיא שבתאי,1,6
דורון חמי,1,16
דורון שרה,1,9
דורון שרה,2,10
דורון שרה,3,11
דורון שרה,4,12
דותן עמירה,1,17
דיאב יוסף,1,4
דיין אלי,1,12
דיין אלי,2,13
דיין חיים,1,13
דיין חיים,2,14
דיין יעל,1,13
דיין יעל,2,14
דיין יעל,3,15
דיין משה,1,4
דיין משה,2,5
דיין משה,3,6
דיין משה,4,7
דיין משה,5,8
דיין משה,6,9
דיין משה,7,10
דיין עוזי,1,21
דיין עוזי,2,23
דיין שלמה,1,12
דיין שמואל,1,1
דיין שמואל,2,2
דיין שמואל,3,3
דיכטר אבי,1,17
דיכטר אבי,2,18
דיכטר אבי,3,20
דיכטר אבי,4,21
דיכטר אבי,5,22
דיכטר אבי,6,23
דיכטר אבי,7,24
דינור בן-ציון,1,1
דיניץ שמחה,1,11
דינשטיין צבי,1,6
דינשטיין צבי,2,7
דיסטל אטבריאן גלית,1,24
דיציאן ליאון,1,8
דנון דני,1,18
דנון דני,2,19
דנון דני,3,20
דנינו דוד,1,11
דקל מיכאל,1,9
דקל מיכאל,2,10
דקל מיכאל,3,11
דראושה עבד-אלוהאב,1,11
דראושה עבד-אלוהאב,2,12
דראושה עבד-אלוהאב,3,13
דראושה עבד-אלוהאב,4,14
דרובלס מתתיהו,1,7
דרובלס מתתיהו,2,8
דרוקמן חיים,1,9
דרוקמן חיים,2,10
דרוקמן חיים,3,11
דרוקמן חיים,4,15
דרורי אברהם,1,4
דרורי אברהם,2,5
דרורי חסיה,1,1
דרניצקי יהודה,1,8
דרעי אריה מכלוף,1,13
דרעי אריה מכלוף,2,14
דרעי אריה מכלוף,3,19
דרעי אריה מכלוף,4,20
דרעי אריה מכלוף,5,21
דרעי אריה מכלוף,6,22
דרעי אריה מכלוף,7,23
דרעי אריה מכלוף,8,24
האוזנר גדעון,1,6
האוזנר גדעון,2,7
האוזנר גדעון,3,8
האוזנר גדעון,4,9
האוזר צבי,1,21
האוזר צבי,2,22
האוזר צבי,3,23
האוזר צבי,4,24
הדר עמוס,1,8
הדר עמוס,2,9
הופמן רונן,1,19
הורביץ יגאל,1,7
הורביץ יגאל,2,8
הורביץ יגאל,3,9
הורביץ יגאל,4,10
הורביץ יגאל,5,11
הורביץ יגאל,6,12
הורוביץ הלל אילן,1,19
הורוביץ ניצן,1,18
הורוביץ ניצן,2,19
הורוביץ ניצן,3,22
הורוביץ ניצן,4,23
הורוביץ ניצן,5,24
הירשזון אברהם,1,10
הירשזון אברהם,2,13
הירשזון אברהם,3,14
הירשזון אברהם,4,15
הירשזון אברהם,5,16
הירשזון אברהם,6,17
הכהן דוד,1,1
הכהן דוד,2,2
הכהן דוד,3,3
הכהן דוד,4,4
הכהן דוד,5,5
הכהן דוד,6,6
הכהן מנחם,1,8
הכהן מנחם,2,9
הכהן מנחם,3,10
הכהן מנחם,4,11
הכרמלי אליהו,1,1
הכרמלי אליהו,2,2
הלוי בנימין,1,7
הלוי בנימין,2,8
הלוי בנימין,3,9
הלוי עמית,1,23
הלל שלמה,1,2
הלל שלמה,2,3
הלל שלמה,3,8
הלל שלמה,4,9
הלל שלמה,5,10
הלל שלמה,6,11
הלל שלמה,7,12
הלפרט שמואל,1,10
הלפרט שמואל,2,12
הלפרט שמואל,3,13
הלפרט שמואל,4,14
הלפרט שמואל,5,15
הלפרט שמואל,6,16
הלפרט שמואל,7,17
המר זבולון,1,7
המר זבולון,2,8
המר זבולון,3,9
המר זבולון,4,10
המר זבולון,5,11
המר זבולון,6,12
המר זבולון,7,13
המר זבולון,8,14
הן יחזקאל,1,2
הנגבי צחי,1,12
הנגבי צחי,2,13
הנגבי צחי,3,14
הנגבי צחי,4,15
הנגבי צחי,5,16
הנגבי צחי,6,17
הנגבי צחי,7,18
הנגבי צחי,8,19
הנגבי צחי,9,20
הנגבי צחי,10,21
הנגבי צחי,11,22
הנגבי צחי,12,23
הנגבי צחי,13,24
הנדל יועז,1,21
הנדל יועז,2,22
הנדל יועז,3,23
הנדל יועז,4,24
הנדל צבי,1,14
הנדל צבי,2,15
הנדל צבי,3,16
הנדל צבי,4,17
העצני אליקים,1,12
הקטין רות,1,3
הקטין רות,2,4
הקטין רות,3,5
הקטין רות,4,6
הראל אהרן,1,10
הראל אהרן,2,11
הראל איסר,1,7
הראל בן-ציון,1,2
הראל בן-ציון,2,3
הראל יהודה,1,14
הרינג זאב,1,7
הרליץ אסתר,1,8
הרליץ אסתר,2,9
הרמן זינה,1,7
הרפז נטע,1,1
הרצוג חיים,1,10
הרצוג יצחק,1,16
הרצוג יצחק,2,17
הרצוג יצחק,3,18
הרצוג יצחק,4,19
הרצוג יצחק,5,20
הרצפלד אברהם,1,1
הרצפלד אברהם,2,2
הרצפלד אברהם,3,3
הרצפלד אברהם,4,4
הרצפלד אברהם,5,5
הררי יזהר,1,1
הררי יזהר,2,2
הררי יזהר,3,3
הררי יזהר,4,4
הררי יזהר,5,5
הררי יזהר,6,6
הררי יזהר,7,7
הרשקוביץ דניאל,1,18
השכל שרן מרים,1,20
השכל שרן מרים,2,21
השכל שרן מרים,3,22
השכל שרן מרים,4,23
השכל שרן מרים,5,24
ואטורי ניסים,1,23
והבה מגלי,1,16
והבה מגלי,2,17
והבה מגלי,3,18
וולדיגר מיכל מרים,1,24
וונש מיכל,1,23
וורצמן אבי,1,19
וורצמן אבי,2,20
ויינברג צבי,1,14
וייס שבח,1,10
וייס שבח,2,11
וייס שבח,3,12
וייס שבח,4,13
וייס שבח,5,14
וילן אבשלום,1,15
וילן אבשלום,2,16
וילן אבשלום,3,17
וילנאי מתן,1,15
וילנאי מתן,2,16
וילנאי מתן,3,17
וילנאי מתן,4,18
וילנסקה אסתר,1,2
וילנסקה אסתר,2,3
וילנסקה אסתר,3,5
וילנר מאיר,1,1
וילנר מאיר,2,2
וילנר מאיר,3,3
וילנר מאיר,4,4
וילנר מאיר,5,5
וילנר מאיר,6,6
וילנר מאיר,7,7
וילנר מאיר,8,8
וילנר מאיר,9,9
וילנר מאיר,10,10
וילנר מאיר,11,11
וילנר מאיר,12,12
וילף עינת,1,18
וינשטיין אריאל,1,10
וינשטיין אריאל,2,11
וינשטיין אריאל,3,12
וינשטיין אריאל,4,13
ויצמן עזר,1,9
ויצמן עזר,2,11
ויצמן עזר,3,12
וירשובסקי מרדכי,1,9
וירשובסקי מרדכי,2,10
וירשובסקי מרדכי,3,11
וירשובסקי מרדכי,4,12
ולדמן אליעזר,1,11
ולדמן אליעזר,2,12
ונונו יוסף,1,13
וסרמן לנדה רות,1,23
וסרמן לנדה רות,2,24
וקנין יצחק,1,14
וקנין יצחק,2,15
וקנין יצחק,3,16
וקנין יצחק,4,17
וקנין יצחק,5,18
וקנין יצחק,6,19
וקנין יצחק,7,20
ורדיגר אברהם,1,6
ורדיגר אברהם,2,7
ורדיגר אברהם,3,8
ורדיגר אברהם,4,11
ורדיגר אברהם,5,12
ורדיגר אברהם,6,13
ורהפטיג זרח,1,1
ורהפטיג זרח,2,2
ורהפטיג זרח,3,3
ורהפטיג זרח,4,4
ורהפטיג זרח,5,5
ורהפטיג זרח,6,6
ורהפטיג זרח,7,7
ורהפטיג זרח,8,8
ורהפטיג זרח,9,9
ורטהיימר זאב,1,9
ורטמן משה,1,6
ורטמן משה,2,7
ורטמן משה,3,8
ותד מוחמד,1,10
ותד מוחמד,2,11
ז'בוטינסקי ערי,1,1
זאב נסים,1,15
זאב נסים,2,16
זאב נסים,3,17
זאב נסים,4,18
זאב נסים,5,19
זאבי רחבעם,1,12
זאבי רחבעם,2,13
זאבי רחבעם,3,14
זאבי רחבעם,4,15
זוארץ אורית,1,18
זוארץ פריג`א,1,3
זוארץ פריג`א,2,4
זוארץ פריג`א,3,5
זוארץ פריג`א,4,6
זוהר מכלוף מיקי,1,20
זוהר מכלוף מיקי,2,21
זוהר מכלוף מיקי,3,22
זוהר מכלוף מיקי,4,23
זוהר מכלוף מיקי,5,24
זוילי נסים,1,13
זוילי נסים,2,14
זועבי חנין,1,18
זועבי חנין,2,19
זועבי חנין,3,20
זורע מאיר,1,9
זחאלקה ג`מאל,1,16
זחאלקה ג`מאל,2,17
זחאלקה ג`מאל,3,18
זחאלקה ג`מאל,4,19
זחאלקה ג`מאל,5,20
זיאד תאופיק,1,8
זיאד תאופיק,2,9
זיאד תאופיק,3,10
זיאד תאופיק,4,11
זיאד תאופיק,5,12
זיאד תאופיק,6,13
זיגר יצחק,1,10
זיגר יצחק,2,11
זיו יצחק,1,17
זייגרמן דרור,1,10
זיידל הלל,1,8
זיידל הלל,2,9
זילברברג אברהם,1,7
זילברברג אברהם,2,8
זיסמן עמנואל,1,12
זיסמן עמנואל,2,13
זיסמן עמנואל,3,14
זיסמן שלום,1,2
זכאי יחזקאל,1,9
זכאי יחזקאל,2,10
זכור עבאס,1,17
זכין דב,1,7
זכין דב,2,8
זכין דב,3,10
זמיר אסף,1,21
זמיר אסף,2,22
זמיר אסף,3,23
זנדברג אליעזר,1,13
זנדברג אליעזר,2,14
זנדברג אליעזר,3,15
זנדברג אליעזר,4,16
זנדברג תמר,1,19
זנדברג תמר,2,20
זנדברג תמר,3,21
זנדברג תמר,4,22
זנדברג תמר,5,23
זנדברג תמר,6,24
זר מרדכי,1,4
זר מרדכי,2,5
זר מרדכי,3,6
זר מרדכי,4,7
ח'טיב יאסין אימאן,1,23
ח'טיב תאופיק,1,14
ח'טיב תאופיק,2,15
ח`מיס יוסוף,1,3
ח`מיס יוסוף,2,4
ח`מיס יוסוף,3,5
ח`ניפס סאלח-חסן,1,2
ח`ניפס סאלח-חסן,2,3
חאג` יחיא ווליד,1,9
חאג` יחיא ווליד,2,13
חאג` יחיא ווליד,3,14
חאג` יחיא עבד אלחכים,1,20
חאג` יחיא עבד אלחכים,2,21
חאג` יחיא רפיק,1,14
חביבי אמיל,1,2
חביבי אמיל,2,3
חביבי אמיל,3,5
חביבי אמיל,4,6
חביבי אמיל,5,7
חג'אזי אבראהים,1,20
חדד חנא,1,13
חוגי עופר,1,15
חוגי עופר,2,16
חוטובלי ציפי,1,18
חוטובלי ציפי,2,19
חוטובלי ציפי,3,20
חוטובלי ציפי,4,21
חוטובלי ציפי,5,22
חוטובלי ציפי,6,23
חושי אבא,1,1
חזן אורן אסף,1,20
חזן יחיאל,1,16
חזן יעקב,1,1
חזן יעקב,2,2
חזן יעקב,3,3
חזן יעקב,4,4
חזן יעקב,5,5
חזן יעקב,6,6
חזן יעקב,7,7
חזן נעמי,1,13
חזן נעמי,2,14
חזן נעמי,3,15
חזני יעקב מיכאל,1,2
חזני יעקב מיכאל,2,3
חזני יעקב מיכאל,3,4
חזני יעקב מיכאל,4,5
חזני יעקב מיכאל,5,6
חזני יעקב מיכאל,6,7
חזני יעקב מיכאל,7,8
חיימוביץ' מיקי,1,21
חיימוביץ' מיקי,2,22
חיימוביץ' מיקי,3,23
חילו נאדיה,1,17
חלאילה חמד,1,10
חלפון בן-ציון,1,7
חלפון בן-ציון,2,8
חמדאן פארס,1,2
חמדאן פארס,2,3
חן רשף,1,16
חנין דב,1,17
חנין דב,2,18
חנין דב,3,19
חנין דב,4,20
חסון אכרם,1,18
חסון אכרם,2,20
חסון יואל,1,17
חסון יואל,2,18
חסון יואל,3,20
חסון ישראל,1,17
חסון ישראל,2,18
חסון ישראל,3,19
חסיד אליהו,1,23
חסין אשר,1,4
חסין אשר,2,5
חסין אשר,3,6
חריף משה,1,10
חריש מיכאל,1,8
חריש מיכאל,2,9
חריש מיכאל,3,10
חריש מיכאל,4,11
חריש מיכאל,5,12
חריש מיכאל,6,13
חרמש שי,1,17
חרמש שי,2,18
חשאי יהודה,1,9
חשאי יהודה,2,10
חת נחום,1,2
טאהא ואסל,1,16
טאהא ואסל,2,17
טאהא ווליד,1,22
טאהא ווליד,2,23
טאהא ווליד,3,24
טביב אברהם,1,1
טבנקין יצחק,1,1
טבנקין יצחק,2,3
טברסקי ז`ניה,1,1
טברסקי ז`ניה,2,2
טברסקי ז`ניה,3,3
טברסקי ז`ניה,4,4
טברסקי ז`ניה,5,5
טובי תופיק,1,1
טובי תופיק,2,2
טובי תופיק,3,3
טובי תופיק,4,4
טובי תופיק,5,5
טובי תופיק,6,6
טובי תופיק,7,7
טובי תופיק,8,8
טובי תופיק,9,9
טובי תופיק,10,10
טובי תופיק,11,11
טובי תופיק,12,12
טולידנו שמואל,1,9
טופורובסקי בועז,1,19
טופורובסקי בועז,2,21
טופורובסקי בועז,3,22
טופורובסקי בועז,4,23
טופורובסקי בועז,5,24
טור פז משה,1,23
טיאר אברהם,1,5
טיאר אברהם,2,6
טיבי אחמד,1,15
טיבי אחמד,2,16
טיבי אחמד,3,17
טיבי אחמד,4,18
טיבי אחמד,5,19
טיבי אחמד,6,20
טיבי אחמד,7,21
טיבי אחמד,8,22
טיבי אחמד,9,23
טיבי אחמד,10,24
טיבייב רוברט,1,18
טיבייב רוברט,2,20
טייב יוסף,1,23
טייב יוסף,2,24
טל אלון,1,24
טל דוד,1,14
טל דוד,2,15
טל דוד,3,16
טל דוד,4,17
טמקין בנימין,1,13
טסלר יעקב,1,21
טסלר יעקב,2,22
טסלר יעקב,3,23
טסלר יעקב,4,24
טרופר חילי,1,21
טרופר חילי,2,22
טרופר חילי,3,23
טרופר חילי,4,24
טרטמן אסתרינה,1,16
טרטמן אסתרינה,2,17
טריף סאלח,1,12
טריף סאלח,2,13
טריף סאלח,3,14
טריף סאלח,4,15
טריף סאלח,5,16
טרכטנברג מנואל,1,20
יאסינוב יגאל,1,16
יברקן דסטה גדי,1,21
יברקן דסטה גדי,2,22
יברקן דסטה גדי,3,23
יברקן דסטה גדי,4,24
יגורי אסף,1,9
ידיד מנחם,1,6
ידיד מנחם,2,7
ידיד מנחם,3,8
ידין יגאל,1,9
ידלין אהרן,1,4
ידלין אהרן,2,5
ידלין אהרן,3,6
ידלין אהרן,4,7
ידלין אהרן,5,8
ידלין אהרן,6,9
יהב יונה,1,14
יהודה חיים,1,3
יהודה חיים,2,4
יהודה צבי,1,1
יהלום שאול,1,13
יהלום שאול,2,14
יהלום שאול,3,15
יהלום שאול,4,16
יוגב מטי,1,23
יוגב מרדכי,1,19
יוגב מרדכי,2,20
יוגב מרדכי,3,21
יוגב מרדכי,4,22
יונה יוסי,1,20
יוניצ`מן שמשון,1,3
יוניצ`מן שמשון,2,4
יונס ואאל,1,20
יוסף דב,1,1
יוסף דב,2,2
יוסף דב,3,3
יוסף יעקב,1,11
יוספטל גיורא,1,4
יוספטל גיורא,2,5
יוספטל סנטה,1,3
יוספטל סנטה,2,8
יזבק היבה,1,21
יזבק היבה,2,22
יזבק היבה,3,23
יחזקאל אברהם,1,13
יחזקאל אברהם,2,14
יחזקאל אברהם,3,15
יחזקאל אברהם,4,16
יחימוביץ` שלי,1,17
יחימוביץ` שלי,2,18
יחימוביץ` שלי,3,19
יחימוביץ` שלי,4,20
יחימוביץ` שלי,5,21
ילין-מור נתן,1,1
ילין חיים,1,20
ינקלביץ' עומר,1,21
ינקלביץ' עומר,2,22
ינקלביץ' עומר,3,23
יעלון משה,1,18
יעלון משה,2,19
יעלון משה,3,20
יעלון משה,4,21
יעלון משה,5,22
יעלון משה,6,23
יעקבי גד,1,7
יעקבי גד,2,8
יעקבי גד,3,9
יעקבי גד,4,10
יעקבי גד,5,11
יעקבי גד,6,12
יערי מאיר,1,1
יערי מאיר,2,2
יערי מאיר,3,3
יערי מאיר,4,4
יערי מאיר,5,5
יערי מאיר,6,6
יערי מאיר,7,7
יפה אביעד,1,7
יפה אביעד,2,8
יפה אברהם,1,8
יפרח יהונתן,1,7
יצחק-הלוי מאיר,1,24
יצחקי אביגדור,1,17
יצחקי יצחק,1,9
יציב גדי,1,11
יריב אהרן,1,8
ישי אליהו,1,14
ישי אליהו,2,15
ישי אליהו,3,16
ישי אליהו,4,17
ישי אליהו,5,18
ישי אליהו,6,19
ישעיהו-שרעבי ישראל,1,1
ישעיהו-שרעבי ישראל,2,2
ישעיהו-שרעבי ישראל,3,3
ישעיהו-שרעבי ישראל,4,4
ישעיהו-שרעבי ישראל,5,5
ישעיהו-שרעבי ישראל,6,6
ישעיהו-שרעבי ישראל,7,7
ישעיהו-שרעבי ישראל,8,8
יתום אהוד,1,16
יתום דני,1,16
יתום דני,2,17
כ”ץ-עוז אברהם,1,9
כ”ץ-עוז אברהם,2,10
כ”ץ-עוז אברהם,3,11
כ”ץ-עוז אברהם,4,12
כ”ץ-עוז אברהם,5,13
כ”ץ יעקב,1,18
כבל איתן,1,14
כבל איתן,2,15
כבל איתן,3,16
כבל איתן,4,17
כבל איתן,5,18
כבל איתן,6,19
כבל איתן,7,20
כהן-אבידב מאיר,1,8
כהן-אבידב מאיר,2,9
כהן-אבידב מאיר,3,10
כהן-אבידב מאיר,4,11
כהן-אורגד יגאל,1,9
כהן-אורגד יגאל,2,10
כהן-אורגד יגאל,3,11
כהן-כגן רחל,1,1
כהן-כגן רחל,2,5
כהן-מגורי חיים,1,1
כהן-מגורי חיים,2,2
כהן-מגורי חיים,3,3
כהן-מגורי חיים,4,4
כהן-מגורי חיים,5,5
כהן-מגורי חיים,6,6
כהן-צידון שלמה,1,6
כהן אידוב,1,1
כהן אידוב,2,2
כהן אידוב,3,3
כהן אידוב,4,4
כהן אידוב,5,5
כהן אילנה,1,16
כהן אלי,1,15
כהן אלי אליהו,1,20
כהן אלי אליהו,2,21
כהן אלי אליהו,3,22
כהן אלי אליהו,4,23
כהן אלי אליהו,5,24
כהן אליעזר,1,15
כהן אליעזר,2,16
כהן אמנון,1,15
כהן אמנון,2,16
כהן אמנון,3,17
כהן אמנון,4,18
כהן אמנון,5,19
כהן בנו,1,5
כהן גאולה,1,8
כהן גאולה,2,9
כהן גאולה,3,10
כהן גאולה,4,11
כהן גאולה,5,12
כהן גבריאל,1,6
כהן יגאל,1,8
כהן יגאל,2,9
כהן יגאל,3,10
כהן יגאל,4,11
כהן יגאל,5,12
כהן יוחנן,1,3
כהן יעקב,1,17
כהן יצחק,1,14
כהן יצחק,2,15
כהן יצחק,3,16
כהן יצחק,4,17
כהן יצחק,5,18
כהן יצחק,6,19
כהן יצחק,7,20
כהן יצחק,8,21
כהן יצחק,9,22
כהן יצחק,10,23
כהן מאיר,1,19
כהן מאיר,2,20
כהן מאיר,3,21
כהן מאיר,4,22
כהן מאיר,5,23
כהן מאיר,6,24
כהן מירב,1,21
כהן מירב,2,22
כהן מירב,3,23
כהן מירב,4,24
כהן מנחם,1,1
כהן מנחם,2,4
כהן מנחם,3,5
כהן מנחם,4,6
כהן מנחם,5,7
כהן פארן יעל,1,20
כהן רן,1,11
כהן רן,2,12
כהן רן,3,13
כהן רן,4,14
כהן רן,5,15
כהן רן,6,16
כהן רן,7,17
כהן רענן,1,12
כהן רענן,2,13
כהן רענן,3,14
כהן רענן,4,15
כהן שלום,1,7
כהנא מאיר,1,11
כהנא מתן,1,22
כהנא מתן,2,23
כהנא מתן,3,24
כהנא קלמן,1,1
כהנא קלמן,2,2
כהנא קלמן,3,3
כהנא קלמן,4,4
כהנא קלמן,5,5
כהנא קלמן,6,6
כהנא קלמן,7,7
כהנא קלמן,8,8
כהנא קלמן,9,9
כחלון משה,1,16
כחלון משה,2,17
כחלון משה,3,18
כחלון משה,4,20
כחלון משה,5,21
כחלון משה,6,22
כלפה זבולון,1,19
כלפון אברהם,1,2
כמאל מריח ע'דיר,1,21
כמאל מריח ע'דיר,2,22
כמאל מריח ע'דיר,3,23
כנוביץ` שמעון,1,4
כנעאן מוחמד,1,15
כנפו ענת,1,23
כסה יונה,1,1
כסה יונה,2,2
כסה יונה,3,3
כסה יונה,4,4
כסה יונה,5,5
כסיף עופר,1,21
כסיף עופר,2,22
כסיף עופר,3,23
כסיף עופר,4,24
כפרית שרה,1,2
כפרית שרה,2,3
כץ אברהם,1,7
כץ אברהם,2,8
כץ אברהם,3,9
כץ אופיר,1,21
כץ אופיר,2,22
כץ אופיר,3,23
כץ אופיר,4,24
כץ זאב,1,9
כץ חיים,1,15
כץ חיים,2,16
כץ חיים,3,17
כץ חיים,4,18
כץ חיים,5,19
כץ חיים,6,20
כץ חיים,7,21
כץ חיים,8,22
כץ חיים,9,23
כץ חיים,10,24
כץ יוסי,1,13
כץ יוסי,2,14
כץ יוסי,3,15
כץ ישראל,1,14
כץ ישראל,2,15
כץ ישראל,3,16
כץ ישראל,4,17
כץ ישראל,5,18
כץ ישראל,6,19
כץ ישראל,7,20
כץ ישראל,8,21
כץ ישראל,9,22
כץ ישראל,10,23
כץ ישראל,11,24
כץ רון,1,24
כץ שמואל,1,1
כצנלסון בת-שבע,1,2
כרמל משה,1,3
כרמל משה,2,4
כרמל משה,3,5
כרמל משה,4,6
כרמל משה,5,7
כרמל משה,6,8
לבון פנחס,1,1
לבון פנחס,2,2
לבון פנחס,3,3
לבון פנחס,4,4
לביא עליזה,1,19
לביא עליזה,2,20
לביא שלמה,1,1
לביא שלמה,2,2
לבנבראון אברהם,1,7
לבנבראון אברהם,2,8
לבנבראון אברהם,3,9
לבני איתן,1,8
לבני איתן,2,9
לבני איתן,3,10
לבני אתי,1,16
לבני ציפי,1,15
לבני ציפי,2,16
לבני ציפי,3,17
לבני ציפי,4,18
לבני ציפי,5,19
לבני ציפי,6,20
לבנת לימור,1,12
לבנת לימור,2,13
לבנת לימור,3,14
לבנת לימור,4,15
לבנת לימור,5,16
לבנת לימור,6,17
לבנת לימור,7,18
לבנת לימור,8,19
להב הרצנו יוראי,1,21
להב הרצנו יוראי,2,22
להב הרצנו יוראי,3,23
להב הרצנו יוראי,4,24
לובוצקי אלכסנדר,1,14
לובלסקי מאשה,1,13
לוונשטיין מאיר דוד,1,1
לוז קדיש,1,2
לוז קדיש,2,3
לוז קדיש,3,4
לוז קדיש,4,5
לוז קדיש,5,6
לוי אבקסיס אורלי,1,18
לוי אבקסיס אורלי,2,19
לוי אבקסיס אורלי,3,20
לוי אבקסיס אורלי,4,22
לוי אבקסיס אורלי,5,23
לוי אבקסיס אורלי,6,24
לוי דוד,1,7
לוי דוד,2,8
לוי דוד,3,9
לוי דוד,4,10
לוי דוד,5,11
לוי דוד,6,12
לוי דוד,7,13
לוי דוד,8,14
לוי דוד,9,15
לוי דוד,10,16
לוי דניאל יצחק,1,6
לוי דניאל יצחק,2,7
לוי ז`קי,1,20
לוי יאיר,1,12
לוי יצחק,1,12
לוי יצחק,2,13
לוי יצחק,3,14
לוי יצחק,4,15
לוי יצחק,5,16
לוי יצחק,6,17
לוי מיקי,1,19
לוי מיקי,2,20
לוי מיקי,3,21
לוי מיקי,4,22
לוי מיקי,5,23
לוי מיקי,6,24
לוי מקסים,1,14
לוי מקסים,2,15
לוי סטלה,1,9
לוין יצחק מאיר,1,1
לוין יצחק מאיר,2,2
לוין יצחק מאיר,3,3
לוין יצחק מאיר,4,4
לוין יצחק מאיר,5,5
לוין יצחק מאיר,6,6
לוין יצחק מאיר,7,7
לוין יריב,1,18
לוין יריב,2,19
לוין יריב,3,20
לוין יריב,4,21
לוין יריב,5,22
לוין יריב,6,23
לוין יריב,7,24
לוין נחום,1,3
לוין נחום,2,4
לוין נחום,3,5
לוין שלום,1,7
לוין שלום,2,8
לוקר ברל,1,3
לורינץ שלמה,1,2
לורינץ שלמה,2,3
לורינץ שלמה,3,4
לורינץ שלמה,4,5
לורינץ שלמה,5,6
לורינץ שלמה,6,7
לורינץ שלמה,7,8
לורינץ שלמה,8,9
לורינץ שלמה,9,10
ליבאי דוד,1,11
ליבאי דוד,2,12
ליבאי דוד,3,13
ליבאי דוד,4,14
ליבוביץ אילן,1,16
ליבנה אליעזר,1,1
ליבנה אליעזר,2,2
ליברמן אביגדור,1,15
ליברמן אביגדור,2,16
ליברמן אביגדור,3,17
ליברמן אביגדור,4,18
ליברמן אביגדור,5,19
ליברמן אביגדור,6,20
ליברמן אביגדור,7,21
ליברמן אביגדור,8,22
ליברמן אביגדור,9,23
ליברמן אביגדור,10,24
ליבשיץ דוד,1,1
ליבשיץ דוד,2,2
ליבשיץ דוד,3,3
ליטינצקי לאון,1,17
ליטינצקי לאון,2,19
לייזרזון אברהם,1,14
לין אוריאל,1,11
לין אוריאל,2,12
לין אמנון,1,6
לין אמנון,2,8
לין אמנון,3,9
לין אמנון,4,10
לין אמנון,5,11
לינקר ציטה,1,8
ליפמן דב,1,19
ליפקין-שחק אמנון,1,15
ליצמן יעקב,1,15
ליצמן יעקב,2,16
ליצמן יעקב,3,17
ליצמן יעקב,4,18
ליצמן יעקב,5,19
ליצמן יעקב,6,20
ליצמן יעקב,7,21
ליצמן יעקב,8,22
ליצמן יעקב,9,23
ליצמן יעקב,10,24
לם יוסף מיכאל,1,1
למדן חנה,1,1
למדן חנה,2,2
למדן חנה,3,3
למדן חנה,4,4
למדן חנה,5,5
לנגנטל נחום,1,15
לנדאו חיים,1,1
לנדאו חיים,2,2
לנדאו חיים,3,3
לנדאו חיים,4,4
לנדאו חיים,5,5
לנדאו חיים,6,6
לנדאו חיים,7,7
לנדאו חיים,8,8
לנדאו עוזי,1,11
לנדאו עוזי,2,12
לנדאו עוזי,3,13
לנדאו עוזי,4,14
לנדאו עוזי,5,15
לנדאו עוזי,6,16
לנדאו עוזי,7,18
לנדאו עוזי,8,19
לנדבר סופה,1,14
לנדבר סופה,2,15
לנדבר סופה,3,16
לנדבר סופה,4,17
לנדבר סופה,5,18
לנדבר סופה,6,19
לנדבר סופה,7,20
לנקין אליהו,1,1
לנקרי יהודה,1,14
לס יורם,1,13
לסקוב צפורה,1,3
לסקי גבי,1,24
לסרי יחיאל,1,15
לפיד יאיר,1,19
לפיד יאיר,2,20
לפיד יאיר,3,21
לפיד יאיר,4,22
לפיד יאיר,5,23
לפיד יאיר,6,24
לפיד יוסף,1,15
לפיד יוסף,2,16
לקט יחיאל,1,8
מאור ענת,1,13
מאור ענת,2,14
מאור ענת,3,15
מאיה משה,1,13
מאיר גולדה,1,1
מאיר גולדה,2,2
מאיר גולדה,3,3
מאיר גולדה,4,4
מאיר גולדה,5,5
מאיר גולדה,6,6
מאיר גולדה,7,7
מאיר גולדה,8,8
מאסלה אדיסו,1,14
מארק אוסנת הילה,1,20
מארק אוסנת הילה,2,21
מארק אוסנת הילה,3,23
מג`אדלה ראלב,1,16
מג`אדלה ראלב,2,17
מג`אדלה ראלב,3,18
מג`אדלה ראלב,4,19
מגל ינון,1,20
מגן דוד,1,10
מגן דוד,2,11
מגן דוד,3,12
מגן דוד,4,13
מגן דוד,5,14
מגן דוד,6,15
מגן תלם לימור,1,24
מואב בועז,1,8
מואטי אמילי חיה,1,24
מודעי יצחק,1,8
מודעי יצחק,2,9
מודעי יצחק,3,10
מודעי יצחק,4,11
מודעי יצחק,5,12
מוויס חנא,1,9
מוזס מנחם אליעזר,1,18
מוזס מנחם אליעזר,2,19
מוזס מנחם אליעזר,3,20
מויאל אליהו,1,8
מויאל אליהו,2,9
מולא פטין,1,21
מולא פטין,2,23
מולא פטין,3,24
מולה שלמה,1,17
מולה שלמה,2,18
מועדי ג`בר,1,2
מועדי ג`בר,2,3
מועדי ג`בר,3,5
מועדי ג`בר,4,6
מועדי ג`בר,5,7
מועדי ג`בר,6,8
מועדי ג`בר,7,9
מועלם-רפאלי שולי,1,19
מועלם-רפאלי שולי,2,20
מופז שאול,1,17
מופז שאול,2,18
מופז שאול,3,19
מור דוד,1,11
מזוז ירון,1,20
מזור אליהו,1,1
מזרחי אליעזר,1,12
מזרחי יעקב,1,7
מזרחי משה,1,19
מזרחי משה,2,20
מזרסקי טטיאנה,1,24
מח`ול עסאם,1,15
מח`ול עסאם,2,16
מחאמיד האשם,1,12
מחאמיד האשם,2,13
מחאמיד האשם,3,14
מחאמיד האשם,4,15
מטלון משה מוץ,1,18
מיכאלי אברהם,1,17
מיכאלי אברהם,2,18
מיכאלי אברהם,3,19
מיכאלי אנסטסיה,1,18
מיכאלי מרב,1,19
מיכאלי מרב,2,20
מיכאלי מרב,3,21
מיכאלי מרב,4,22
מיכאלי מרב,5,23
מיכאלי מרב,6,24
מילוא רוני,1,9
מילוא רוני,2,10
מילוא רוני,3,11
מילוא רוני,4,12
מילוא רוני,5,13
מילוא רוני,6,15
מילמן דב,1,7
מילר אלכס,1,17
מילר אלכס,2,18
מילר אלכס,3,19
מימון יהודה לייב,1,1
מימון עדה,1,1
מימון עדה,2,2
מינץ בנימין,1,1
מינץ בנימין,2,2
מינץ בנימין,3,3
מינץ בנימין,4,4
מיסז`ניקוב סטס,1,17
מיסז`ניקוב סטס,2,18
מיעארי מוחמד,1,11
מיעארי מוחמד,2,12
מיקוניס שמואל,1,1
מיקוניס שמואל,2,2
מיקוניס שמואל,3,3
מיקוניס שמואל,4,4
מיקוניס שמואל,5,5
מיקוניס שמואל,6,6
מיקוניס שמואל,7,7
מירום חגי,1,12
מירום חגי,2,13
מירום חגי,3,14
מלול רחמים,1,15
מלינובסקי יוליה,1,20
מלינובסקי יוליה,2,21
מלינובסקי יוליה,3,22
מלינובסקי יוליה,4,23
מלינובסקי יוליה,5,24
מלכיאור מיכאל,1,15
מלכיאור מיכאל,2,16
מלכיאור מיכאל,3,17
מלכיאלי מיכאל,1,20
מלכיאלי מיכאל,2,21
מלכיאלי מיכאל,3,22
מלכיאלי מיכאל,4,23
מלכיאלי מיכאל,5,24
מלמד אברהם,1,7
מלמד אברהם,2,8
מלמד אברהם,3,9
מלמד אברהם,4,10
מנע דוד,1,13
מנע דוד,2,16
מסאלחה נואף,1,12
מסאלחה נואף,2,13
מסאלחה נואף,3,14
מסאלחה נואף,4,15
מעוז אביגדור,1,24
מצא יהושע,1,11
מצא יהושע,2,12
מצא יהושע,3,13
מצא יהושע,4,14
מצא יהושע,5,15
מצנע עמרם,1,16
מצנע עמרם,2,19
מקלב אורי,1,17
מקלב אורי,2,18
מקלב אורי,3,19
מקלב אורי,4,20
מקלב אורי,5,21
מקלב אורי,6,22
מקלב אורי,7,23
מקלב אורי,8,24
מראענה אבתיסאם,1,24
מרגי יעקב,1,16
מרגי יעקב,2,17
מרגי יעקב,3,18
מרגי יעקב,4,19
מרגי יעקב,5,20
מרגי יעקב,6,21
מרגי יעקב,7,22
מרגי יעקב,8,23
מרגי יעקב,9,24
מרגלית אראל,1,19
מרגלית אראל,2,20
מרדכי יצחק,1,14
מרדכי יצחק,2,15
מרום שלו שרה,1,17
מרון משה,1,9
מרידור אליהו,1,4
מרידור אליהו,2,5
מרידור אליהו,3,6
מרידור דן,1,11
מרידור דן,2,12
מרידור דן,3,13
מרידור דן,4,14
מרידור דן,5,15
מרידור דן,6,18
מרידור יעקב,1,1
מרידור יעקב,2,2
מרידור יעקב,3,3
מרידור יעקב,4,4
מרידור יעקב,5,5
מרידור יעקב,6,6
מרידור יעקב,7,10
מרלין שמואל,1,1
מרעי מופיד,1,24
מרציאנו יורם,1,17
מרציאנו יורם,2,18
מרציאנו סעדיה,1,9
משל ירוחם,1,9
משל ירוחם,2,10
משעני מרדכי,1,15
נאות יהודית,1,15
נאות יהודית,2,16
נאמן יובל,1,10
נאמן יובל,2,11
נאמן יובל,3,12
נבון יצחק,1,6
נבון יצחק,2,7
נבון יצחק,3,8
נבון יצחק,4,9
נבון יצחק,5,11
נבון יצחק,6,12
נגוסה אברהם,1,20
נהרי משולם,1,15
נהרי משולם,2,16
נהרי משולם,3,17
נהרי משולם,4,18
נהרי משולם,5,19
נהרי משולם,6,20
נהרי משולם,7,21
נהרי משולם,8,22
נהרי משולם,9,23
נודלמן מיכאל,1,14
נודלמן מיכאל,2,15
נודלמן מיכאל,3,16
נודלמן מיכאל,4,17
נוה דני,1,15
נוה דני,2,16
נוה דני,3,17
נוף עקיבא,1,8
נוף עקיבא,2,9
נוף עקיבא,3,10
נוקד אורית,1,15
נוקד אורית,2,16
נוקד אורית,3,17
נוקד אורית,4,18
נורוק מרדכי,1,1
נורוק מרדכי,2,2
נורוק מרדכי,3,3
נורוק מרדכי,4,4
נורוק מרדכי,5,5
נח`לה אליאס,1,4
נח`לה אליאס,2,5
נח`לה אליאס,3,6
נח`לה אליאס,4,7
נחושתן יעקב,1,7
נחמיאס אהרן רפאל,1,10
נחמיאס אהרן רפאל,2,11
נחמיאס ורבין איילת,1,20
נחמן רון,1,13
נחמקין אריה,1,10
נחמקין אריה,2,11
ניסנקורן אבי,1,21
ניסנקורן אבי,2,22
ניסנקורן אבי,3,23
ניצני יעקב,1,2
ניצני יעקב,2,3
ניר נחום,1,1
ניר נחום,2,3
ניר נחום,3,4
ניר נחום,4,5
ניר צבי,1,13
נמיר אורה,1,8
נמיר אורה,2,9
נמיר אורה,3,10
נמיר אורה,4,11
נמיר אורה,5,12
נמיר אורה,6,13
נמיר מרדכי,1,2
נמיר מרדכי,2,3
נמיר מרדכי,3,4
נמיר מרדכי,4,5
נמיר מרדכי,5,6
נס לאה,1,16
נס לאה,2,18
נסים משה,1,4
נסים משה,2,7
נסים משה,3,8
נסים משה,4,9
נסים משה,5,10
נסים משה,6,11
נסים משה,7,12
נסים משה,8,13
נסראלדין אמל,1,8
נסראלדין אמל,2,9
נסראלדין אמל,3,10
נסראלדין אמל,4,11
נעים רענן,1,10
נפאע מוחמד,1,12
נפאע סעיד,1,17
נפאע סעיד,2,18
נפתלי פרץ,1,1
נפתלי פרץ,2,2
נפתלי פרץ,3,3
נצר דבורה,1,1
נצר דבורה,2,2
נצר דבורה,3,3
נצר דבורה,4,4
נצר דבורה,5,5
נצר דבורה,6,6
נריה משה-צבי,1,7
נתניהו בנימין,1,12
נתניהו בנימין,2,13
נתניהו בנימין,3,14
נתניהו בנימין,4,15
נתניהו בנימין,5,16
נתניהו בנימין,6,17
נתניהו בנימין,7,18
נתניהו בנימין,8,19
נתניהו בנימין,9,20
נתניהו בנימין,10,21
נתניהו בנימין,11,22
נתניהו בנימין,12,23
נתניהו בנימין,13,24
סאלח סונדוס,1,23
סבג אורי,1,10
סבטלובה קסניה,1,20
סבידור מנחם,1,9
סבידור מנחם,2,10
סביר אוריאל,1,15
סבן יצחק,1,15
סגלוביץ' יואב,1,21
סגלוביץ' יואב,2,22
סגלוביץ' יואב,3,23
סגלוביץ' יואב,4,24
סדן דוב,1,6
סובה יבגני,1,21
סובה יבגני,2,22
סובה יבגני,3,23
סובה יבגני,4,24
סוויסה רפאל,1,10
סוזאיב זלמן,1,2
סוזאיב זלמן,2,3
סויד רויטל,1,20
סויד רויטל,2,22
סוייד חנא,1,17
סוייד חנא,2,18
סוייד חנא,3,19
סויסה אליהו,1,15
סולודקין מרינה,1,14
סולודקין מרינה,2,15
סולודקין מרינה,3,16
סולודקין מרינה,4,17
סולודקין מרינה,5,18
סולודר עדנה,1,10
סולודר עדנה,2,11
סולודר עדנה,3,12
סולומון שמעון,1,19
סופר אופיר,1,21
סופר אופיר,2,22
סופר אופיר,3,23
סופר אופיר,4,24
סורקיס מרדכי,1,6
סורקיס מרדכי,2,7
סטופ אברהם,1,2
סטרוק אורית,1,19
סטרוק אורית,2,24
סיום פנתהון,1,20
סיידה דן,1,20
סילמן עידית,1,21
סילמן עידית,2,24
סלומינסקי ניסן,1,14
סלומינסקי ניסן,2,16
סלומינסקי ניסן,3,17
סלומינסקי ניסן,4,19
סלומינסקי ניסן,5,20
סלים סאלח,1,13
סלים סאלח,2,14
סלימאן סאלח,1,3
סלמוביץ אסתר,1,13
סמוטריץ' בצלאל,1,20
סמוטריץ' בצלאל,2,21
סמוטריץ' בצלאל,3,22
סמוטריץ' בצלאל,4,23
סמוטריץ' בצלאל,5,24
סמילנסקי יזהר,1,1
סמילנסקי יזהר,2,2
סמילנסקי יזהר,3,3
סמילנסקי יזהר,4,4
סמילנסקי יזהר,5,5
סמילנסקי יזהר,6,6
סנה אפרים,1,13
סנה אפרים,2,14
סנה אפרים,3,15
סנה אפרים,4,16
סנה אפרים,5,17
סנה משה,1,1
סנה משה,2,2
סנה משה,3,3
סנה משה,4,4
סנה משה,5,5
סנה משה,6,7
סנהדראי טובה,1,4
סנהדראי טובה,2,5
סנהדראי טובה,3,6
סנהדראי טובה,4,7
סעד אחמד,1,14
סעד סאלח,1,20
סעדי אוסאמה,1,20
סעדי אוסאמה,2,21
סעדי אוסאמה,3,22
סעדי אוסאמה,4,23
סעדי אוסאמה,5,24
סער גדעון,1,16
סער גדעון,2,17
סער גדעון,3,18
סער גדעון,4,19
סער גדעון,5,21
סער גדעון,6,22
סער גדעון,7,23
סער גדעון,8,24
ספיר יוסף,1,1
ספיר יוסף,2,2
ספיר יוסף,3,3
ספיר יוסף,4,4
ספיר יוסף,5,5
ספיר יוסף,6,6
ספיר יוסף,7,7
ספיר פנחס,1,4
ספיר פנחס,2,5
ספיר פנחס,3,6
ספיר פנחס,4,7
ספיר פנחס,5,8
סרדינס משה,1,4
סרדינס משה,2,5
סרדינס משה,3,6
סרטני אמירה,1,11
סרלין יוסף,1,1
סרלין יוסף,2,2
סרלין יוסף,3,3
סרלין יוסף,4,4
סרלין יוסף,5,5
סרלין יוסף,6,6
סרלין יוסף,7,7
עבאס אברהם,1,3
עבאס מנסור,1,21
עבאס מנסור,2,22
עבאס מנסור,3,23
עבאס מנסור,4,24
עוביד דיאב,1,5
עוביד דיאב,2,6
עוביד דיאב,3,7
עודה איימן,1,20
עודה איימן,2,21
עודה איימן,3,22
עודה איימן,4,23
עודה איימן,5,24
עוזיאל ברוך,1,5
עוזיאל ברוך,2,6
עופר אברהם,1,7
עופר אברהם,2,8
עופר מרדכי,1,6
עופר מרדכי,2,7
עזרא גדעון,1,14
עזרא גדעון,2,15
עזרא גדעון,3,16
עזרא גדעון,4,17
עזרא גדעון,5,18
עזריה רחל,1,20
עזרן יוסף,1,12
עזרן יוסף,2,13
עטאונה יוסף,1,20
עטייה חוה אתי,1,21
עטייה חוה אתי,2,22
עטייה חוה אתי,3,23
עטייה חוה אתי,4,24
עטר דניאל,1,20
עטשי זיידאן,1,9
עטשי זיידאן,2,11
עלי עובדיה,1,11
עלי עובדיה,2,12
עלי עובדיה,3,13
עמאר חמד,1,18
עמאר חמד,2,19
עמאר חמד,3,20
עמאר חמד,4,22
עמאר חמד,5,23
עמאר חמד,6,24
עמאר משה,1,9
עמור שאול,1,12
עמור שאול,2,13
עמור שאול,3,14
עמית מאיר,1,9
עמר שלמה,1,11
עסאקלה ג'אבר,1,22
עסאקלה ג'אבר,2,23
פארס חסיין,1,12
פדידה לאה,1,20
פדר נפתלי,1,9
פדר נפתלי,2,10
פולישוק-בלוך מלי,1,16
פולק יהושע מנחם,1,17
פולקמן רועי,1,20
פולקמן רועי,2,21
פורדר ישעיהו,1,1
פורדר ישעיהו,2,2
פורדר ישעיהו,3,3
פורז אברהם,1,12
פורז אברהם,2,13
פורז אברהם,3,14
פורז אברהם,4,15
פורז אברהם,5,16
פורר עודד,1,20
פורר עודד,2,21
פורר עודד,3,22
פורר עודד,4,23
פורר עודד,5,24
פורת חנן,1,10
פורת חנן,2,12
פורת חנן,3,13
פורת חנן,4,14
פורת חנן,5,15
פייגלין משה זלמן,1,19
פיינברג-סירני עדה,1,7
פיינרמן עוזי,1,7
פיינרמן עוזי,2,8
פינדרוס יצחק זאב,1,21
פינדרוס יצחק זאב,2,23
פינדרוס יצחק זאב,3,24
פינטו קדוש שירלי,1,24
פיניאן ציון,1,18
פינס-פז אופיר,1,14
פינס-פז אופיר,2,15
פינס-פז אופיר,3,16
פינס-פז אופיר,4,17
פינס-פז אופיר,5,18
פינקלשטיין גילה,1,16
פירון שי,1,19
פירון שי,2,20
פישר יוסף,1,4
פישר יוסף,2,5
פישר יוסף,3,6
פלאטו-שרון שמואל,1,9
פלד יוסי,1,18
פלד משה,1,13
פלד משה,2,14
פלד מתתיהו,1,11
פלד נתן,1,6
פלדמן משה זאב,1,12
פלדמן ראובן,1,2
פלומין יחזקאל,1,8
פלומין יחזקאל,2,9
פלוסקוב טלי,1,20
פלוסקוב טלי,2,23
פלסנר יוחנן,1,17
פלסנר יוחנן,2,18
פלש ג`ורג`,1,2
פנחסי רפאל,1,11
פנחסי רפאל,2,12
פנחסי רפאל,3,13
פנחסי רפאל,4,14
פנקס דוד צבי,1,1
פנקס דוד צבי,2,2
פעיל מאיר,1,8
פעיל מאיר,2,9
פרומן אורלי,1,21
פרומן אורלי,2,22
פרומן אורלי,3,23
פרומקין השל,1,1
פרוש מאיר,1,14
פרוש מאיר,2,15
פרוש מאיר,3,16
פרוש מאיר,4,17
פרוש מאיר,5,18
פרוש מאיר,6,19
פרוש מאיר,7,20
פרוש מאיר,8,21
פרוש מאיר,9,22
פרוש מאיר,10,23
פרוש מאיר,11,24
פרוש מנחם,1,4
פרוש מנחם,2,5
פרוש מנחם,3,6
פרוש מנחם,4,7
פרוש מנחם,5,8
פרוש מנחם,6,9
פרוש מנחם,7,10
פרוש מנחם,8,11
פרוש מנחם,9,12
פרוש מנחם,10,13
פרח יהודה,1,10
פרח יהודה,2,12
פרי אליעזר,1,1
פרי אליעזר,2,2
פרי יעקב,1,19
פרי יעקב,2,20
פריג` עיסאווי,1,19
פריג` עיסאווי,2,20
פריג` עיסאווי,3,21
פריג` עיסאווי,4,24
פרידמן יסמין,1,24
פרידמן מרשה,1,8
פרידמן שמחה,1,7
פרידמן שמחה,2,8
פרידמן תהלה,1,23
פריצקי יוסף יצחק,1,15
פריצקי יוסף יצחק,2,16
פרלשטיין שלמה,1,2
פרלשטיין שלמה,2,3
פרלשטיין שלמה,3,5
פרלשטיין שלמה,4,6
פרמינגר אליעזר,1,1
פרנק יעקב,1,8
פרנקל רינה,1,19
פרס שמעון,1,4
פרס שמעון,2,5
פרס שמעון,3,6
פרס שמעון,4,7
פרס שמעון,5,8
פרס שמעון,6,9
פרס שמעון,7,10
פרס שמעון,8,11
פרס שמעון,9,12
פרס שמעון,10,13
פרס שמעון,11,14
פרס שמעון,12,15
פרס שמעון,13,16
פרס שמעון,14,17
פרסיץ שושנה,1,1
פרסיץ שושנה,2,2
פרסיץ שושנה,3,3
פרץ יאיר,1,15
פרץ יאיר,2,16
פרץ יצחק,1,8
פרץ יצחק,2,9
פרץ יצחק,3,10
פרץ יצחק,4,11
פרץ יצחק חיים,1,11
פרץ יצחק חיים,2,12
פרץ יצחק חיים,3,13
פרץ עמיר,1,12
פרץ עמיר,2,13
פרץ עמיר,3,14
פרץ עמיר,4,15
פרץ עמיר,5,16
פרץ עמיר,6,17
פרץ עמיר,7,18
פרץ עמיר,8,19
פרץ עמיר,9,20
פרץ עמיר,10,21
פרץ עמיר,11,22
פרץ עמיר,12,23
פרץ רפאל,1,21
פרץ רפאל,2,22
פרץ רפאל,3,23
פרקש הכהן אורית,1,21
פרקש הכהן אורית,2,22
פרקש הכהן אורית,3,23
פרקש הכהן אורית,4,24
פת גדעון,1,7
פת גדעון,2,8
פת גדעון,3,9
פת גדעון,4,10
פת גדעון,5,11
פת גדעון,6,12
פת גדעון,7,13
פתל דוד,1,4
פתל דוד,2,5
פתל דוד,3,6
צבן יאיר,1,10
צבן יאיר,2,11
צבן יאיר,3,12
צבן יאיר,4,13
צברי פנחס,1,15
צברי רחל,1,2
צברי רחל,2,3
צברי רחל,3,4
צברי רחל,4,5
צברי רחל,5,6
צדוק חיים יוסף,1,3
צדוק חיים יוסף,2,4
צדוק חיים יוסף,3,5
צדוק חיים יוסף,4,6
צדוק חיים יוסף,5,7
צדוק חיים יוסף,6,8
צדוק חיים יוסף,7,9
צוקר דוד,1,11
צוקר דוד,2,12
צוקר דוד,3,13
צוקר דוד,4,14
צור דוד,1,19
צור זאב,1,3
צור זאב,2,6
צור יעקב,1,10
צור יעקב,2,11
צור יעקב,3,12
צור צבי,1,6
צור רונן,1,16
צידון יואש,1,12
ציזלינג אהרן,1,1
ציזלינג אהרן,2,2
צימרמן צבי,1,4
צימרמן צבי,2,5
צימרמן צבי,3,6
צימרמן צבי,4,7
צינקר אלכסנדר,1,15
צלנר יובל,1,18
צלנר יובל,2,19
צפורי מרדכי,1,9
צפורי מרדכי,2,10
צרצור אברהים,1,17
צרצור אברהים,2,18
צרצור אברהים,3,19
קאבלה עינב,1,23
קארה אביר,1,24
קהלני אביגדור,1,13
קהלני אביגדור,2,14
קוז'ינוב אנדרי,1,23
קול משה,1,2
קול משה,2,4
קול משה,3,5
קול משה,4,6
קול משה,5,7
קול משה,6,8
קול עדי,1,19
קולס אליעזר,1,10
קולס אליעזר,2,11
קופמן חיים,1,8
קופמן חיים,2,9
קופמן חיים,3,10
קופמן חיים,4,11
קופמן חיים,5,12
קופמן חיים,6,13
קוק הלל,1,1
קורן דוד,1,7
קורן דוד,2,8
קורן דני,1,16
קורן יצחק,1,4
קורן יצחק,2,5
קורן יצחק,3,7
קורן נורית,1,20
קורפו חיים,1,7
קורפו חיים,2,8
קורפו חיים,3,9
קורפו חיים,4,10
קורפו חיים,5,11
קורפו חיים,6,12
קושניר אלכס,1,22
קושניר אלכס,2,23
קושניר אלכס,3,24
קושניר יוסף,1,4
קושניר יוסף,2,5
קיסר ישראל,1,11
קיסר ישראל,2,12
קיסר ישראל,3,13
קירשנבאום פניה,1,18
קירשנבאום פניה,2,19
קיש יואב,1,20
קיש יואב,2,21
קיש יואב,3,22
קיש יואב,4,23
קיש יואב,5,24
קלדרון רות,1,19
קליבנוב יעקב,1,1
קליבנוב יעקב,2,2
קליבנוב יעקב,3,3
קליינר מיכאל,1,10
קליינר מיכאל,2,12
קליינר מיכאל,3,14
קליינר מיכאל,4,15
קלינגהופר יצחק הנס,1,5
קלינגהופר יצחק הנס,2,6
קלינגהופר יצחק הנס,3,7
קלמר משה,1,1
קלמר משה,2,2
קלמר משה,3,3
קלמר משה,4,5
קלנר אריאל,1,21
קלנר אריאל,2,23
קמין ברוך,1,2
קנב יצחק,1,1
קסיס מסעד,1,2
קסיס מסעד,2,3
קפלן אליעזר,1,1
קפלן אליעזר,2,2
קצב משה,1,9
קצב משה,2,10
קצב משה,3,11
קצב משה,4,12
קצב משה,5,13
קצב משה,6,14
קצב משה,7,15
קצב נוזהת,1,8
קרא איוב,1,15
קרא איוב,2,16
קרא איוב,3,18
קרא איוב,4,20
קרא איוב,5,23
קרגמן ישראל,1,3
קרגמן ישראל,2,4
קרגמן ישראל,3,5
קרגמן ישראל,4,6
קרגמן ישראל,5,7
קרגמן ישראל,6,8
קריב גלעד,1,24
קריב יפעת,1,19
קרמרמן יוסף,1,5
קרמרמן יוסף,2,6
קרמרמן יוסף,3,7
קרמרמן יוסף,4,8
קרעי שלמה,1,21
קרעי שלמה,2,22
קרעי שלמה,3,23
קרעי שלמה,4,24
קשת בן-ציון,1,7
קשת בן-ציון,2,8
ראם דוד,1,14
רבין-פילוסוף דליה,1,15
רבין יצחק,1,8
רבין יצחק,2,9
רבין יצחק,3,10
רבין יצחק,4,11
רבין יצחק,5,12
רבין יצחק,6,13
רבינוביץ` יהושע,1,9
רביץ אברהם,1,12
רביץ אברהם,2,13
רביץ אברהם,3,14
רביץ אברהם,4,15
רביץ אברהם,5,16
רביץ אברהם,6,17
רגב מירי מרים,1,18
רגב מירי מרים,2,19
רגב מירי מרים,3,20
רגב מירי מרים,4,21
רגב מירי מרים,5,22
רגב מירי מרים,6,23
רגב מירי מרים,7,24
רובין בן-ציון,1,9
רובין בן-ציון,2,10
רובין חנן,1,1
רובין חנן,2,2
רובין חנן,3,3
רובין חנן,4,4
רובין חנן,5,5
רובינשטיין אמנון,1,9
רובינשטיין אמנון,2,10
רובינשטיין אמנון,3,11
רובינשטיין אמנון,4,12
רובינשטיין אמנון,5,13
רובינשטיין אמנון,6,14
רובינשטיין אמנון,7,15
רוזוליו דניאל,1,9
רוזוליו דניאל,2,10
רוזין מיכל,1,19
רוזין מיכל,2,20
רוזין מיכל,3,21
רוזין מיכל,4,24
רוזן פנחס,1,1
רוזן פנחס,2,2
רוזן פנחס,3,3
רוזן פנחס,4,4
רוזן פנחס,5,5
רוזן פנחס,6,6
רוזן שלמה,1,6
רוזן שלמה,2,7
רוזנבלום פנינה,1,16
רוזנטל מיקי,1,19
רוזנטל מיקי,2,20
רוטמן שמחה,1,24
רול עידן,1,21
רול עידן,2,23
רול עידן,3,24
רום יוסף,1,9
רום יוסף,2,10
רון אמרי,1,9
רון אמרי,2,10
רון בן משה יעל,1,23
רון בן משה יעל,2,24
רונן אליעזר,1,8
רונן נחמה,1,15
רוסו טל,1,21
רוקח ישראל,1,1
רוקח ישראל,2,2
רוקח ישראל,3,3
רותם דוד,1,17
רותם דוד,2,18
רותם דוד,3,19
רז מוסי,1,15
רז מוסי,2,20
רז מוסי,3,24
רז נחמן,1,10
רז נחמן,2,11
רזבוזוב יואל,1,19
רזבוזוב יואל,2,20
רזבוזוב יואל,3,21
רזבוזוב יואל,4,22
רזבוזוב יואל,5,23
רזבוזוב יואל,6,24
רזיאל-נאור אסתר,1,1
רזיאל-נאור אסתר,2,2
רזיאל-נאור אסתר,3,3
רזיאל-נאור אסתר,4,4
רזיאל-נאור אסתר,5,5
רזיאל-נאור אסתר,6,6
רזיאל-נאור אסתר,7,7
ריבלין ראובן,1,12
ריבלין ראובן,2,14
ריבלין ראובן,3,15
ריבלין ראובן,4,16
ריבלין ראובן,5,17
ריבלין ראובן,6,18
ריבלין ראובן,7,19
ריגר גנדי,1,15
רייטן מרום אפרת,1,24
רייכמן אוריאל,1,17
רייסר מיכאל,1,10
רייסר מיכאל,2,11
רימלט אלימלך שמעון,1,2
רימלט אלימלך שמעון,2,3
רימלט אלימלך שמעון,3,4
רימלט אלימלך שמעון,4,5
רימלט אלימלך שמעון,5,6
רימלט אלימלך שמעון,6,7
רימלט אלימלך שמעון,7,8
רינאוי-זועבי ג'ידא,1,24
ריפתין יעקב,1,1
ריפתין יעקב,2,2
ריפתין יעקב,3,3
ריפתין יעקב,4,4
ריפתין יעקב,5,5
רכטמן שמואל,1,9
רמון חיים,1,10
רמון חיים,2,11
רמון חיים,3,12
רמון חיים,4,13
רמון חיים,5,14
רמון חיים,6,15
רמון חיים,7,16
רמון חיים,8,17
רמון חיים,9,18
רמז אהרן,1,3
רמז דוד,1,1
רנר צבי,1,10
רפאל יצחק,1,2
רפאל יצחק,2,3
רפאל יצחק,3,4
רפאל יצחק,4,5
רפאל יצחק,5,6
רפאל יצחק,6,7
רפאל יצחק,7,8
רפטור ברל,1,1
רצאבי אהוד,1,16
רצון מיכאל,1,13
רצון מיכאל,2,16
רצון מנחם,1,1
רקנטי אברהם,1,1
רשף צלי,1,15
שאג אברהם חיים,1,1
שאמה הכהן כרמל,1,18
שאמה הכהן כרמל,2,19
שאקי אבנר חי,1,7
שאקי אבנר חי,2,11
שאקי אבנר חי,3,12
שאקי אבנר חי,4,13
שאקי אבנר חי,5,14
שאקי שלום אברהם,1,5
שאשא ביטון יפעת,1,20
שאשא ביטון יפעת,2,21
שאשא ביטון יפעת,3,22
שאשא ביטון יפעת,4,23
שאשא ביטון יפעת,5,24
שגב גונן,1,13
שגיא גדעון,1,13
שגיא יהושע,1,12
שגל יוסף,1,17
שובל זלמן,1,7
שובל זלמן,2,8
שובל זלמן,3,9
שובל זלמן,4,12
שוחט אברהם בייגה,1,11
שוחט אברהם בייגה,2,12
שוחט אברהם בייגה,3,13
שוחט אברהם בייגה,4,14
שוחט אברהם בייגה,5,15
שוחט אברהם בייגה,6,16
שומר פנחס,1,13
שוסטק אליעזר,1,2
שוסטק אליעזר,2,3
שוסטק אליעזר,3,4
שוסטק אליעזר,4,5
שוסטק אליעזר,5,6
שוסטק אליעזר,6,7
שוסטק אליעזר,7,8
שוסטק אליעזר,8,9
שוסטק אליעזר,9,10
שוסטק אליעזר,10,11
שוסטר אלון,1,21
שוסטר אלון,2,22
שוסטר אלון,3,23
שוסטר אלון,4,24
שופמן יוסף,1,3
שופמן יוסף,2,4
שופמן יוסף,3,5
שופמן יוסף,4,6
שוקן גרשום,1,3
שורש שמואל,1,3
שורש שמואל,2,4
שורש שמואל,3,5
שורש שמואל,4,6
שזר שניאור זלמן,1,1
שזר שניאור זלמן,2,2
שזר שניאור זלמן,3,3
שחאדה אנטאנס,1,21
שחאדה אנטאנס,2,22
שחאדה אנטאנס,3,23
שחור בנימין,1,4
שחור בנימין,2,5
שחור בנימין,3,6
שחור בנימין,4,7
שחל משה,1,7
שחל משה,2,8
שחל משה,3,9
שחל משה,4,10
שחל משה,5,11
שחל משה,6,12
שחל משה,7,13
שחל משה,8,14
שטבון יוני,1,19
שטייניץ יובל,1,15
שטייניץ יובל,2,16
שטייניץ יובל,3,17
שטייניץ יובל,4,18
שטייניץ יובל,5,19
שטייניץ יובל,6,20
שטייניץ יובל,7,21
שטייניץ יובל,8,22
שטייניץ יובל,9,23
שטייניץ יובל,10,24
שטרית בכור שלום,1,1
שטרית בכור שלום,2,2
שטרית בכור שלום,3,3
שטרית בכור שלום,4,4
שטרית בכור שלום,5,5
שטרית בכור שלום,6,6
שטרית מאיר,1,10
שטרית מאיר,2,11
שטרית מאיר,3,13
שטרית מאיר,4,14
שטרית מאיר,5,15
שטרית מאיר,6,16
שטרית מאיר,7,17
שטרית מאיר,8,18
שטרית מאיר,9,19
שטרית קטי קטרין,1,21
שטרית קטי קטרין,2,22
שטרית קטי קטרין,3,23
שטרית קטי קטרין,4,24
שטרית שמעון,1,12
שטרית שמעון,2,13
שטרן-קטן שרה,1,9
שטרן אברהם,1,14
שטרן אלעזר,1,19
שטרן אלעזר,2,20
שטרן אלעזר,3,21
שטרן אלעזר,4,22
שטרן אלעזר,5,23
שטרן אלעזר,6,24
שטרן דוד,1,9
שטרן יורי,1,14
שטרן יורי,2,15
שטרן יורי,3,16
שטרן יורי,4,17
שטרן מרדכי חיים,1,6
שטרן שבח,1,23
שי וזאן הילה,1,23
שי יזהר,1,21
שי יזהר,2,22
שי יזהר,3,23
שי נחמן,1,18
שי נחמן,2,19
שי נחמן,3,20
שיין יוסף,1,24
שיכמן שבתאי,1,4
שיכמן שבתאי,2,5
שילוח צבי,1,10
שילנסקי דב,1,9
שילנסקי דב,2,10
שילנסקי דב,3,11
שילנסקי דב,4,12
שילנסקי דב,5,13
שינמן פנחס,1,8
שינמן פנחס,2,9
שיפמן דוד,1,10
שיקלי עמיחי,1,24
שיר סגמן מיכל,1,21
שיר סגמן מיכל,2,22
שיר סגמן מיכל,3,23
שירי ויצמן,1,15
שירי ויצמן,2,16
שכטרמן אברהם,1,7
שכטרמן אברהם,2,8
שלגי אילן,1,16
שלום אפרים,1,11
שלום סילבן,1,13
שלום סילבן,2,14
שלום סילבן,3,15
שלום סילבן,4,16
שלום סילבן,5,17
שלום סילבן,6,18
שלום סילבן,7,19
שלום סילבן,8,20
שלח עפר,1,19
שלח עפר,2,20
שלח עפר,3,21
שלח עפר,4,22
שלח עפר,5,23
שליטא בני,1,10
שליטא בני,2,11
שם-טוב ויקטור,1,5
שם-טוב ויקטור,2,6
שם-טוב ויקטור,3,10
שם-טוב ויקטור,4,11
שמאי יעקב,1,11
שמאי יעקב,2,12
שמאי יעקב,3,13
שמאלוב ברקוביץ` יוליה,1,18
שמואלי דורון,1,14
שמולי איציק,1,19
שמולי איציק,2,20
שמולי איציק,3,21
שמולי איציק,4,22
שמולי איציק,5,23
שמחון שלום,1,14
שמחון שלום,2,15
שמחון שלום,3,16
שמחון שלום,4,17
שמחון שלום,5,18
שמחונית יהודית,1,1
שמטוב ליה,1,17
שמטוב ליה,2,18
שמיר יאיר,1,19
שמיר יצחק,1,8
שמיר יצחק,2,9
שמיר יצחק,3,10
שמיר יצחק,4,11
שמיר יצחק,5,12
שמיר יצחק,6,13
שמיר משה,1,9
שמעוני חביב,1,8
שנאן שכיב,1,17
שנאן שכיב,2,18
שנלר עתניאל,1,17
שנלר עתניאל,2,18
שערי יהודה,1,5
שערי יהודה,2,6
שערי יהודה,3,7
שערי יהודה,4,8
שפט גרשון,1,11
שפט גרשון,2,12
שפטל אריה,1,1
שפי יעקב,1,13
שפייזר אליהו,1,9
שפייזר אליהו,2,10
שפייזר אליהו,3,11
שפיר סתיו,1,19
שפיר סתיו,2,20
שפיר סתיו,3,21
שפיר סתיו,4,22
שפירא אברהם יוסף,1,10
שפירא אברהם יוסף,2,11
שפירא אברהם יוסף,3,13
שפירא חיים משה,1,1
שפירא חיים משה,2,2
שפירא חיים משה,3,3
שפירא חיים משה,4,4
שפירא חיים משה,5,5
שפירא חיים משה,6,6
שפירא חיים משה,7,7
שפירא יעקב שמשון,1,2
שפירא יעקב שמשון,2,3
שפירא יעקב שמשון,3,7
שפע רם,1,21
שפע רם,2,22
שפע רם,3,23
שפע רם,4,24
שפק נירה,1,24
שפר זאב,1,2
שפרינצק יאיר,1,12
שפרינצק יוסף,1,1
שפרינצק יוסף,2,2
שפרינצק יוסף,3,3
שקד אילת,1,19
שקד אילת,2,20
שקד אילת,3,22
שקד אילת,4,23
שקד אילת,5,24
שרון אריאל,1,8
שרון אריאל,2,9
שרון אריאל,3,10
שרון אריאל,4,11
שרון אריאל,5,12
שרון אריאל,6,13
שרון אריאל,7,14
שרון אריאל,8,15
שרון אריאל,9,16
שרון עמרי,1,16
שרוני משה,1,17
שרי ראובן,1,1
שרי ראובן,2,2
שריד יוסי,1,8
שריד יוסי,2,9
שריד יוסי,3,10
שריד יוסי,4,11
שריד יוסי,5,12
שריד יוסי,6,13
שריד יוסי,7,14
שריד יוסי,8,15
שריד יוסי,9,16
שריר אברהם,1,9
שריר אברהם,2,10
שריר אברהם,3,11
שריר אברהם,4,12
שרנסקי נתן,1,14
שרנסקי נתן,2,15
שרנסקי נתן,3,17
שרף זאב,1,6
שרף זאב,2,7
שרת משה,1,1
שרת משה,2,2
שרת משה,3,3
שרת משה,4,4
שרת משה,5,5
ששון אליהו,1,6
ששון אליהו,2,7
ששון בנימין,1,2
תבורי אפרים,1,1
תבורי אפרים,2,2
תומא סלימאן עאידה,1,20
תומא סלימאן עאידה,2,21
תומא סלימאן עאידה,3,22
תומא סלימאן עאידה,4,23
תומא סלימאן עאידה,5,24
תיכון דן,1,10
תיכון דן,2,11
תיכון דן,3,12
תיכון דן,4,13
תיכון דן,5,14
תירוש רונית,1,17
תירוש רונית,2,18
תלמי אמה,1,3
תלמי אמה,2,4
תלמי אמה,3,5
תלמי אמה,4,6
תלמי מאיר,1,8
תלמי מאיר,2,9
תמיר יולי,1,16
תמיר יולי,2,17
תמיר יולי,3,18
תמיר יוסף,1,6
תמיר יוסף,2,7
תמיר יוסף,3,8
תמיר יוסף,4,9
תמיר שמואל,1,6
תמיר שמואל,2,7
תמיר שמואל,3,8
תמיר שמואל,4,9
